date,temperatureMin,temperatureMax,humidity,dewPoint,windSpeed,temperatureMean
2018/01/01,58.78,83.07,0.67,57.63,3.36,70.5929
2018/01/02,60.46,83.13,0.69,59.33,4.55,70.5929
2018/01/03,64.04,80.68,0.7,60.35,4.48,70.5929
2018/01/04,60.63,80.3,0.71,58.65,5.91,70.5929
2018/01/05,56.63,79.61,0.65,54.36,4.81,70.5929
2018/01/06,56.11,79.59,0.66,54.03,4.13,70.5929
2018/01/07,55.52,79.53,0.63,52.68,4.39,70.5929
2018/01/08,54.91,78.51,0.61,50.31,6.69,70.5929
2018/01/09,57.02,79.73,0.71,56.85,7.6,70.5929
2018/01/10,62.42,82.01,0.75,61.56,8.06,70.5929
2018/01/11,61.98,83.82,0.74,62.55,5.87,70.5929
2018/01/12,65.08,83.24,0.71,61.97,6.19,70.5929
2018/01/13,58.5,86.39,0.6,54.31,5.51,70.5929
2018/01/14,55.17,85.4,0.62,53.14,4.98,70.5929
2018/01/15,56.1,85.04,0.61,53.82,5.22,70.5929
2018/01/16,60.28,82.58,0.64,56.22,5.42,70.5929
2018/01/17,56.95,81.35,0.66,55.09,5.76,70.5929
2018/01/18,56.83,81.6,0.54,48.92,5.88,70.5929
2018/01/19,51.1,80.36,0.59,49.31,6.01,70.5929
2018/01/20,53.4,81.25,0.6,49.33,5.27,70.5929
2018/01/21,53.4,81.6,0.6,49.22,5.07,70.5929
2018/01/22,54.92,81.23,0.67,53.64,5.33,70.5929
2018/01/23,58.64,83.83,0.7,58.17,5.17,70.5929
2018/01/24,59.71,83.11,0.68,58.66,3.86,70.5929
2018/01/25,60.61,83.22,0.63,56.04,3.92,70.5929
2018/01/26,58.49,81.36,0.57,52.19,3.98,70.5929
2018/01/27,58.62,82.32,0.6,53.22,4.09,70.5929
2018/01/28,57.0,82.31,0.61,53.6,5.11,70.5929
2018/01/29,57.89,83.07,0.63,54.62,6.47,70.5929
2018/01/30,58.64,81.66,0.63,54.36,6.78,70.5929
2018/01/31,56.17,83.07,0.59,50.93,5.42,70.5929
2018/02/01,53.41,83.82,0.42,41.06,5.15,70.5929
2018/02/02,52.79,84.35,0.45,44.13,5.62,70.5929
2018/02/03,52.9,82.03,0.46,44.19,6.81,70.5929
2018/02/04,53.56,82.0,0.51,45.99,5.14,70.5929
2018/02/05,51.59,83.21,0.58,48.85,5.26,70.5929
2018/02/06,60.35,86.68,0.66,59.23,5.19,70.5929
2018/02/07,65.98,83.57,0.8,65.41,5.57,70.5929
2018/02/08,65.77,83.22,0.7,61.03,4.42,70.5929
2018/02/09,63.99,89.28,0.69,62.1,3.83,70.5929
2018/02/10,66.9,85.13,0.68,61.2,4.89,70.5929
2018/02/11,61.72,85.47,0.63,57.38,7.57,70.5929
2018/02/12,63.84,84.11,0.67,59.05,6.68,70.5929
2018/02/13,65.03,84.87,0.62,57.0,7.09,70.5929
2018/02/14,63.04,85.05,0.68,59.66,7.8,70.5929
2018/02/15,61.95,85.04,0.69,60.1,7.81,70.5929
2018/02/16,61.5,85.93,0.5,48.37,5.96,70.5929
2018/02/17,58.79,86.65,0.54,52.02,4.59,70.5929
2018/02/18,58.79,87.72,0.56,51.94,5.51,70.5929
2018/02/19,57.9,87.25,0.51,48.44,6.57,70.5929
2018/02/20,60.29,86.72,0.55,52.05,6.56,70.5929
2018/02/21,60.61,86.81,0.47,47.7,6.6,70.5929
2018/02/22,58.96,88.01,0.49,48.49,5.52,70.5929
2018/02/23,60.01,86.69,0.46,46.72,7.01,70.5929
2018/02/24,56.53,85.83,0.57,52.7,6.76,70.5929
2018/02/25,62.54,87.25,0.56,53.69,7.66,70.5929
2018/02/26,60.62,88.47,0.53,50.71,4.86,70.5929
2018/02/27,61.49,89.25,0.43,47.41,7.61,70.5929
2018/02/28,56.32,89.08,0.43,45.04,6.39,70.5929
2018/03/01,58.78,88.89,0.46,45.81,7.08,70.5929
2018/03/02,56.88,90.29,0.42,45.92,6.84,70.5929
2018/03/03,58.8,90.41,0.38,44.19,5.17,70.5929
2018/03/04,58.21,90.37,0.35,41.47,5.1,70.5929
2018/03/05,58.8,90.9,0.33,39.43,5.58,70.5929
2018/03/06,57.02,91.57,0.37,41.4,5.28,70.5929
2018/03/07,58.73,90.43,0.42,46.17,6.59,70.5929
2018/03/08,58.82,89.79,0.5,50.35,7.58,70.5929
2018/03/09,56.99,90.53,0.44,48.36,6.41,70.5929
2018/03/10,62.1,90.51,0.51,53.17,5.66,70.5929
2018/03/11,62.42,91.57,0.47,51.14,7.32,70.5929
2018/03/12,62.0,90.08,0.56,56.69,7.94,70.5929
2018/03/13,65.68,87.51,0.61,61.33,8.07,70.5929
2018/03/14,70.52,88.7,0.5,57.79,8.82,70.5929
2018/03/15,71.83,89.76,0.68,65.32,7.49,70.5929
2018/03/16,67.15,88.43,0.76,66.62,5.07,70.5929
2018/03/17,67.74,84.88,0.81,67.13,4.76,70.5929
2018/03/18,67.65,88.03,0.75,66.45,6.1,70.5929
2018/03/19,64.99,87.75,0.54,54.71,5.97,70.5929
2018/03/20,64.29,91.21,0.54,55.94,4.69,70.5929
2018/03/21,67.42,92.25,0.52,58.81,4.88,70.5929
2018/03/22,72.0,90.52,0.55,60.84,5.6,70.5929
2018/03/23,69.63,93.12,0.5,57.83,5.38,70.5929
2018/03/24,71.41,92.29,0.57,62.51,5.48,70.5929
2018/03/25,67.66,92.45,0.54,58.65,7.12,70.5929
2018/03/26,66.03,91.41,0.5,54.02,5.86,70.5929
2018/03/27,65.56,92.51,0.52,57.93,4.52,70.5929
2018/03/28,66.03,92.07,0.6,63.19,4.32,70.5929
2018/03/29,73.04,93.11,0.64,66.57,5.78,70.5929
2018/03/30,69.86,92.26,0.74,68.54,6.45,70.5929
2018/03/31,69.63,91.04,0.68,65.82,6.61,70.5929
2018/04/01,67.5,91.67,0.64,64.87,3.93,70.5929
2018/04/02,67.7,90.46,0.75,67.17,6.14,70.5929
2018/04/03,66.03,89.45,0.68,64.05,3.59,70.5929
2018/04/04,67.83,91.43,0.61,61.89,5.12,70.5929
2018/04/05,65.64,91.01,0.56,59.52,4.77,70.5929
2018/04/06,67.74,92.04,0.55,59.6,4.61,70.5929
2018/04/07,67.81,90.41,0.53,59.4,5.17,70.5929
2018/04/08,66.86,89.6,0.58,59.77,6.81,70.5929
2018/04/09,67.6,89.38,0.63,62.28,7.68,70.5929
2018/04/10,66.03,89.22,0.6,61.0,5.99,70.5929
2018/04/11,70.51,91.33,0.6,61.74,6.14,70.5929
2018/04/12,71.23,92.07,0.6,63.26,5.93,70.5929
2018/04/13,71.24,91.32,0.6,63.01,6.83,70.5929
2018/04/14,71.44,93.94,0.62,65.51,6.67,70.5929
2018/04/15,72.23,92.44,0.62,65.89,6.61,70.5929
2018/04/16,73.73,93.1,0.64,67.52,5.46,70.5929
2018/04/17,73.0,93.99,0.59,63.91,5.24,70.5929
2018/04/18,71.04,95.65,0.54,62.95,4.29,70.5929
2018/04/19,74.07,93.85,0.56,64.34,5.39,70.5929
2018/04/20,70.98,93.58,0.61,64.09,7.11,70.5929
2018/04/21,71.43,94.6,0.55,63.62,5.13,70.5929
2018/04/22,73.21,93.63,0.67,68.03,6.72,70.5929
2018/04/23,70.45,93.34,0.58,63.49,5.74,70.5929
2018/04/24,73.0,89.22,0.66,66.26,5.96,70.5929
2018/04/25,71.44,92.34,0.65,66.11,5.56,70.5929
2018/04/26,70.2,92.59,0.7,68.12,6.29,70.5929
2018/04/27,69.4,93.83,0.61,63.97,4.49,70.5929
2018/04/28,71.41,92.19,0.6,63.36,5.46,70.5929
2018/04/29,69.63,93.85,0.62,65.81,4.33,70.5929
2018/04/30,72.31,97.1,0.66,66.68,7.43,70.5929
2018/05/01,71.76,91.75,0.69,68.54,7.46,70.5929
2018/05/02,73.79,90.34,0.72,69.19,7.1,70.5929
2018/05/03,68.03,91.69,0.72,68.77,6.42,70.5929
2018/05/04,67.59,88.61,0.72,67.21,5.26,70.5929
2018/05/05,71.43,89.48,0.64,66.19,4.69,70.5929
2018/05/06,71.43,90.38,0.66,67.03,4.52,70.5929
2018/05/07,73.2,92.08,0.67,68.12,6.16,70.5929
2018/05/08,74.08,91.31,0.72,69.6,6.79,70.5929
2018/05/09,70.43,88.28,0.68,67.57,6.76,70.5929
2018/05/10,68.32,90.99,0.7,68.03,6.8,70.5929
2018/05/11,69.25,90.28,0.79,68.83,5.9,70.5929
2018/05/12,69.05,90.26,0.71,67.71,4.31,70.5929
2018/05/13,70.93,89.59,0.77,68.52,5.75,70.5929
2018/05/14,69.57,86.87,0.77,68.17,5.2,70.5929
2018/05/15,70.7,90.1,0.7,66.74,5.29,70.5929
2018/05/16,69.63,88.61,0.7,67.39,4.73,70.5929
2018/05/17,71.21,90.43,0.63,65.64,4.11,70.5929
2018/05/18,69.36,87.59,0.79,69.59,6.64,70.5929
2018/05/19,69.46,91.02,0.71,68.15,5.79,70.5929
2018/05/20,69.41,90.53,0.73,67.66,8.15,70.5929
2018/05/21,69.51,86.78,0.8,68.83,6.29,70.5929
2018/05/22,69.39,89.5,0.72,68.09,4.73,70.5929
2018/05/23,71.37,89.24,0.8,69.86,6.45,70.5929
2018/05/24,67.69,89.49,0.69,66.92,6.14,70.5929
2018/05/25,70.25,86.68,0.83,71.28,6.56,70.5929
2018/05/26,69.46,86.92,0.87,71.68,4.47,70.5929
2018/05/27,72.84,88.68,0.81,72.47,6.11,70.5929
2018/05/28,72.16,90.41,0.74,70.64,5.53,70.5929
2018/05/29,71.14,86.78,0.71,68.65,11.3,70.5929
2018/05/30,69.38,86.02,0.83,71.4,10.15,70.5929
2018/05/31,69.42,87.56,0.84,72.58,7.87,70.5929
2018/06/01,70.86,89.49,0.84,72.51,7.01,70.5929
2018/06/02,69.32,84.75,0.88,70.8,6.61,70.5929
2018/06/03,67.83,85.18,0.86,70.44,8.0,70.5929
2018/06/04,69.32,84.14,0.86,70.77,8.13,70.5929
2018/06/05,71.2,86.1,0.81,70.79,9.33,70.5929
2018/06/06,72.16,86.88,0.79,71.05,11.2,70.5929
2018/06/07,71.29,83.31,0.83,70.49,13.79,70.5929
2018/06/08,71.3,81.21,0.88,70.84,16.09,70.5929
2018/06/09,70.01,77.71,0.9,70.23,15.74,70.5929
2018/06/10,69.46,79.54,0.93,71.53,14.41,70.5929
2018/06/11,71.27,81.35,0.87,71.41,14.84,70.5929
2018/06/12,71.27,83.97,0.81,70.0,15.31,70.5929
2018/06/13,70.19,83.27,0.8,69.67,14.64,70.5929
2018/06/14,69.46,82.34,0.83,69.54,11.84,70.5929
2018/06/15,69.39,88.53,0.79,68.38,10.63,70.5929
2018/06/16,69.47,87.63,0.8,68.78,11.29,70.5929
2018/06/17,69.39,85.06,0.8,68.84,12.55,70.5929
2018/06/18,69.47,84.84,0.77,67.64,12.95,70.5929
2018/06/19,69.47,83.96,0.78,67.67,15.39,70.5929
2018/06/20,70.36,85.04,0.77,68.38,15.23,70.5929
2018/06/21,71.2,83.13,0.84,69.75,13.23,70.5929
2018/06/22,68.44,81.3,0.83,68.31,12.38,70.5929
2018/06/23,69.47,82.98,0.84,69.38,11.88,70.5929
2018/06/24,68.44,84.13,0.79,67.65,12.35,70.5929
2018/06/25,68.55,83.13,0.77,67.81,13.55,70.5929
2018/06/26,69.47,83.34,0.78,67.49,15.25,70.5929
2018/06/27,69.39,81.3,0.84,68.27,14.4,70.5929
2018/06/28,69.47,78.55,0.82,67.74,13.26,70.5929
2018/06/29,69.47,83.15,0.82,68.56,10.17,70.5929
2018/06/30,66.58,84.28,0.79,67.18,8.96,70.5929
2018/07/01,68.58,82.35,0.79,68.08,7.14,70.5929
2018/07/02,69.39,85.06,0.76,68.13,10.76,70.5929
2018/07/03,69.4,84.94,0.76,67.33,10.99,70.5929
2018/07/04,69.46,83.96,0.74,66.34,12.74,70.5929
2018/07/05,67.59,86.73,0.7,64.68,14.68,70.5929
2018/07/06,67.71,79.53,0.82,68.21,14.3,70.5929
2018/07/07,69.47,80.67,0.85,69.2,13.69,70.5929
2018/07/08,69.47,81.22,0.88,69.65,12.21,70.5929
2018/07/09,69.39,82.53,0.88,69.74,12.45,70.5929
2018/07/10,69.39,81.33,0.92,70.3,10.67,70.5929
2018/07/11,69.47,80.86,0.91,69.97,12.8,70.5929
2018/07/12,69.4,81.76,0.85,68.83,14.38,70.5929
2018/07/13,69.47,81.02,0.88,69.44,14.72,70.5929
2018/07/14,69.47,81.8,0.88,69.67,15.26,70.5929
2018/07/15,69.53,83.37,0.78,67.84,16.92,70.5929
2018/07/16,69.53,81.27,0.86,69.08,16.46,70.5929
2018/07/17,68.55,80.57,0.84,68.62,16.86,70.5929
2018/07/18,67.69,84.94,0.81,67.95,13.23,70.5929
2018/07/19,70.5,81.3,0.84,69.45,15.39,70.5929
2018/07/20,69.49,81.42,0.82,68.29,17.87,70.5929
2018/07/21,69.41,81.4,0.9,71.43,15.07,70.5929
2018/07/22,69.5,83.37,0.83,69.67,14.92,70.5929
2018/07/23,69.48,83.23,0.92,70.61,11.52,70.5929
2018/07/24,69.39,82.33,0.88,69.94,12.06,70.5929
2018/07/25,67.83,82.36,0.88,69.63,11.45,70.5929
2018/07/26,69.44,82.2,0.84,69.71,10.41,70.5929
2018/07/27,69.45,81.32,0.86,69.2,12.07,70.5929
2018/07/28,67.72,82.46,0.84,69.67,11.25,70.5929
2018/07/29,69.46,83.42,0.84,70.0,10.76,70.5929
2018/07/30,69.39,83.26,0.82,69.26,11.59,70.5929
2018/07/31,69.42,82.46,0.84,69.27,13.02,70.5929
2018/08/01,67.58,82.33,0.85,67.83,11.2,70.5929
2018/08/02,67.69,84.97,0.82,67.88,12.14,70.5929
2018/08/03,69.39,84.14,0.83,68.62,10.34,70.5929
2018/08/04,67.69,83.93,0.82,68.15,11.9,70.5929
2018/08/05,67.83,83.31,0.75,66.88,13.33,70.5929
2018/08/06,68.5,83.32,0.82,67.62,14.88,70.5929
2018/08/07,67.61,79.56,0.87,68.06,12.55,70.5929
2018/08/08,69.36,80.6,0.92,70.02,11.54,70.5929
2018/08/09,69.47,84.15,0.84,69.09,11.65,70.5929
2018/08/10,69.39,80.53,0.86,68.81,11.73,70.5929
2018/08/11,67.72,77.73,0.85,67.31,14.13,70.5929
2018/08/12,66.17,77.46,0.81,65.69,17.49,70.5929
2018/08/13,64.25,80.61,0.79,65.1,18.71,70.5929
2018/08/14,64.99,77.08,0.84,66.49,17.65,70.5929
2018/08/15,65.71,80.63,0.84,67.17,14.93,70.5929
2018/08/16,65.86,78.96,0.86,66.97,18.76,70.5929
2018/08/17,64.9,83.42,0.76,65.69,18.29,70.5929
2018/08/18,66.13,84.06,0.73,65.04,17.91,70.5929
2018/08/19,66.91,82.56,0.74,64.91,17.59,70.5929
2018/08/20,65.54,82.74,0.72,64.33,17.51,70.5929
2018/08/21,64.96,84.31,0.69,63.46,16.62,70.5929
2018/08/22,64.75,84.63,0.69,64.19,14.33,70.5929
2018/08/23,66.34,84.99,0.7,64.87,13.69,70.5929
2018/08/24,66.06,83.94,0.7,64.61,13.11,70.5929
2018/08/25,65.77,83.31,0.72,65.02,12.02,70.5929
2018/08/26,65.3,82.86,0.74,65.23,13.03,70.5929
2018/08/27,64.9,82.76,0.74,64.61,14.15,70.5929
2018/08/28,65.29,83.09,0.75,65.2,12.16,70.5929
2018/08/29,64.96,82.43,0.76,65.59,12.28,70.5929
2018/08/30,65.36,83.85,0.74,65.54,12.66,70.5929
2018/08/31,65.86,83.68,0.76,66.28,11.55,70.5929
2018/09/01,66.36,84.41,0.73,65.28,10.37,70.5929
2018/09/02,65.57,85.39,0.69,64.08,9.94,70.5929
2018/09/03,64.74,85.96,0.64,62.13,10.13,70.5929
2018/09/04,64.7,86.13,0.63,61.96,8.97,70.5929
2018/09/05,65.89,85.11,0.66,63.22,9.96,70.5929
2018/09/06,65.54,84.64,0.68,64.03,11.38,70.5929
2018/09/07,64.13,84.55,0.69,63.3,12.2,70.5929
2018/09/08,63.28,86.79,0.66,62.58,9.89,70.5929
2018/09/09,65.78,84.69,0.7,64.71,5.24,70.5929
2018/09/10,68.17,81.07,0.74,66.07,4.47,70.5929
2018/09/11,66.08,84.3,0.74,66.52,3.79,70.5929
2018/09/12,64.8,83.64,0.74,66.5,4.3,70.5929
2018/09/13,65.54,82.5,0.78,67.69,3.2,70.5929
2018/09/14,65.34,85.3,0.72,65.99,3.46,70.5929
2018/09/15,66.29,85.11,0.76,66.28,5.87,70.5929
2018/09/16,64.93,84.66,0.79,66.1,7.54,70.5929
2018/09/17,65.3,80.36,0.82,66.35,10.65,70.5929
2018/09/18,64.27,81.28,0.77,65.61,10.24,70.5929
2018/09/19,64.55,79.93,0.75,64.6,11.59,70.5929
2018/09/20,64.91,82.0,0.72,64.06,10.27,70.5929
2018/09/21,65.33,81.86,0.78,66.47,9.61,70.5929
2018/09/22,61.84,84.76,0.7,62.77,7.2,70.5929
2018/09/23,65.43,84.76,0.71,65.19,3.83,70.5929
2018/09/24,65.07,83.2,0.78,67.06,4.41,70.5929
2018/09/25,64.13,83.63,0.81,67.94,3.34,70.5929
2018/09/26,65.84,82.7,0.79,67.29,3.45,70.5929
2018/09/27,65.31,83.51,0.8,67.25,4.3,70.5929
2018/09/28,64.97,82.86,0.81,67.37,4.75,70.5929
2018/09/29,64.7,82.73,0.81,68.06,5.39,70.5929
2018/09/30,66.25,83.01,0.82,68.8,5.56,70.5929
2018/10/01,65.6,85.12,0.77,67.01,6.89,70.5929
2018/10/02,65.07,84.82,0.76,66.82,6.9,70.5929
2018/10/03,63.34,85.28,0.82,67.44,6.51,70.5929
2018/10/04,65.34,76.93,0.93,69.01,7.72,70.5929
2018/10/05,64.99,77.19,0.92,69.2,9.13,70.5929
2018/10/06,64.99,80.39,0.89,68.71,8.36,70.5929
2018/10/07,65.31,83.88,0.8,66.73,6.57,70.5929
2018/10/08,64.83,83.68,0.77,65.3,5.21,70.5929
2018/10/09,65.16,82.29,0.71,64.15,4.52,70.5929
2018/10/10,65.3,85.37,0.58,58.29,6.11,70.5929
2018/10/11,62.54,86.19,0.52,55.33,6.92,70.5929
2018/10/12,62.78,86.22,0.56,58.56,5.62,70.5929
2018/10/13,63.74,86.19,0.58,60.11,3.39,70.5929
2018/10/14,66.04,83.93,0.73,65.55,4.08,70.5929
2018/10/15,65.56,83.84,0.8,67.46,4.39,70.5929
2018/10/16,65.69,81.24,0.83,67.77,5.72,70.5929
2018/10/17,65.23,80.09,0.84,67.05,3.52,70.5929
2018/10/18,64.94,79.98,0.84,66.92,3.6,70.5929
2018/10/19,65.07,79.7,0.84,66.92,4.75,70.5929
2018/10/20,62.32,80.94,0.73,61.66,5.68,70.5929
2018/10/21,62.46,82.56,0.7,61.7,6.12,70.5929
2018/10/22,61.14,82.55,0.65,59.33,6.3,70.5929
2018/10/23,60.66,84.09,0.62,58.36,5.64,70.5929
2018/10/24,61.19,83.63,0.59,57.33,6.75,70.5929
2018/10/25,59.58,83.12,0.67,59.89,7.38,70.5929
2018/10/26,60.35,82.16,0.71,61.22,8.28,70.5929
2018/10/27,59.57,81.69,0.61,56.82,7.93,70.5929
2018/10/28,57.77,82.47,0.59,54.9,8.16,70.5929
2018/10/29,57.53,83.05,0.53,52.62,8.05,70.5929
2018/10/30,58.27,83.99,0.59,56.67,6.41,70.5929
2018/10/31,63.26,83.3,0.74,64.3,7.77,70.5929
2018/11/01,63.92,82.25,0.79,65.25,7.23,70.5929
2018/11/02,64.44,77.28,0.88,67.21,7.86,70.5929
2018/11/03,64.22,79.33,0.89,67.78,8.79,70.5929
2018/11/04,63.31,80.33,0.86,66.39,8.59,70.5929
2018/11/05,64.44,81.47,0.81,65.71,8.05,70.5929
2018/11/06,63.41,81.96,0.78,64.31,6.32,70.5929
2018/11/07,63.01,81.66,0.68,59.04,6.99,70.5929
2018/11/08,55.65,82.77,0.64,56.58,6.42,70.5929
2018/11/09,58.82,81.92,0.71,59.97,6.81,70.5929
2018/11/10,57.74,83.75,0.66,58.55,6.38,70.5929
2018/11/11,59.6,84.85,0.59,54.83,5.48,70.5929
2018/11/12,59.34,83.25,0.58,54.68,5.97,70.5929
2018/11/13,56.79,85.43,0.46,47.96,5.75,70.5929
2018/11/14,56.03,85.02,0.43,46.72,5.38,70.5929
2018/11/15,57.14,82.34,0.69,59.41,9.29,70.5929
2018/11/16,65.77,76.5,0.9,66.55,11.89,70.5929
2018/11/17,62.2,80.85,0.79,64.25,7.06,70.5929
2018/11/18,64.55,82.47,0.8,66.23,7.2,70.5929
2018/11/19,65.23,81.4,0.83,66.41,6.73,70.5929
2018/11/20,61.71,81.74,0.78,63.83,7.66,70.5929
2018/11/21,61.8,77.0,0.86,64.68,11.14,70.5929
2018/11/22,65.69,72.7,0.94,67.04,11.24,70.5929
2018/11/23,65.88,76.65,0.93,67.41,9.33,70.5929
2018/11/24,63.5,81.57,0.79,64.22,6.57,70.5929
2018/11/25,62.64,82.57,0.77,63.14,5.6,70.5929
2018/11/26,59.67,82.58,0.71,59.08,6.46,70.5929
2018/11/27,55.79,80.17,0.72,56.87,7.15,70.5929
2018/11/28,52.91,80.98,0.77,58.65,7.52,70.5929
2018/11/29,57.81,80.54,0.81,62.69,7.33,70.5929
2018/11/30,62.22,81.48,0.73,61.6,7.01,70.5929
2018/12/01,60.11,82.15,0.69,59.04,6.39,70.5929
2018/12/02,56.76,80.8,0.72,58.31,6.93,70.5929
2018/12/03,60.27,78.43,0.79,62.01,8.03,70.5929
2018/12/04,61.19,75.72,0.88,65.44,6.96,70.5929
2018/12/05,63.0,79.4,0.82,65.14,6.69,70.5929
2018/12/06,65.19,80.4,0.82,65.65,6.79,70.5929
2018/12/07,62.64,82.07,0.77,62.98,7.47,70.5929
2018/12/08,60.98,81.59,0.78,63.08,7.67,70.5929
2018/12/09,58.88,82.7,0.73,60.18,6.89,70.5929
2018/12/10,57.84,83.08,0.7,58.93,4.9,70.5929
2018/12/11,58.83,83.13,0.67,59.36,4.7,70.5929
2018/12/12,60.94,82.74,0.63,58.96,4.48,70.5929
2018/12/13,59.85,82.11,0.67,59.6,5.09,70.5929
2018/12/14,61.0,82.65,0.63,57.41,7.36,70.5929
2018/12/15,59.85,79.58,0.72,59.3,11.35,70.5929
2018/12/16,59.11,80.38,0.68,56.75,10.26,70.5929
2018/12/17,57.92,81.64,0.52,49.35,9.1,70.5929
2018/12/18,55.89,81.8,0.53,50.12,6.33,70.5929
2018/12/19,54.62,80.12,0.69,56.51,4.94,70.5929
2018/12/20,56.59,80.7,0.71,58.46,5.99,70.5929
2018/12/21,58.74,81.38,0.73,60.66,5.63,70.5929
2018/12/22,60.22,81.95,0.73,61.58,6.92,70.5929
2018/12/23,63.36,79.4,0.76,62.96,8.46,70.5929
2018/12/24,63.78,82.28,0.72,61.96,7.25,70.5929
2018/12/25,61.0,83.49,0.67,59.44,6.73,70.5929
2018/12/26,59.07,84.41,0.6,56.08,6.16,70.5929
2018/12/27,59.81,81.26,0.66,59.49,4.18,70.5929
2018/12/28,62.38,79.3,0.73,62.07,6.12,70.5929
2018/12/29,62.43,76.67,0.8,61.92,8.2,70.5929
2018/12/30,59.68,79.0,0.71,57.28,7.97,70.5929
2018/12/31,59.41,77.91,0.68,54.99,7.38,70.5929
2019/01/01,50.98,79.67,0.57,46.56,6.6,70.5929
2019/01/02,47.86,81.26,0.62,49.38,8.26,70.5929
2019/01/03,48.36,82.36,0.62,49.41,7.71,70.5929
2019/01/04,50.53,80.66,0.59,49.9,8.34,70.5929
2019/01/05,49.83,81.11,0.6,49.67,7.23,70.5929
2019/01/06,51.22,81.59,0.64,51.33,6.11,70.5929
2019/01/07,51.87,81.97,0.63,51.61,6.04,70.5929
2019/01/08,53.51,83.41,0.51,45.26,6.48,70.5929
2019/01/09,53.12,84.61,0.45,41.8,6.21,70.5929
2019/01/10,52.63,83.84,0.54,46.94,6.54,70.5929
2019/01/11,54.14,83.27,0.6,49.15,6.07,70.5929
2019/01/12,55.4,81.95,0.65,53.33,7.17,70.5929
2019/01/13,53.78,83.16,0.59,49.3,5.89,70.5929
2019/01/14,53.42,84.99,0.56,48.2,6.19,70.5929
2019/01/15,51.33,83.41,0.45,40.37,7.33,70.5929
2019/01/16,51.4,83.07,0.55,47.97,7.21,70.5929
2019/01/17,52.44,82.91,0.63,52.22,7.18,70.5929
2019/01/18,55.12,83.38,0.62,52.67,7.73,70.5929
2019/01/19,51.86,83.6,0.55,47.65,7.05,70.5929
2019/01/20,53.61,83.61,0.53,45.24,7.19,70.5929
2019/01/21,52.83,84.27,0.55,46.22,6.71,70.5929
2019/01/22,51.86,84.82,0.56,47.41,5.05,70.5929
2019/01/23,53.35,85.24,0.64,53.71,5.05,70.5929
2019/01/24,58.12,83.51,0.63,55.84,7.14,70.5929
2019/01/25,58.91,81.52,0.64,57.29,7.31,70.5929
2019/01/26,61.47,80.69,0.73,61.28,6.65,70.5929
2019/01/27,62.2,80.47,0.71,60.65,7.38,70.5929
2019/01/28,62.78,77.79,0.79,62.63,6.94,70.5929
2019/01/29,60.26,77.56,0.76,60.18,7.35,70.5929
2019/01/30,59.48,79.66,0.66,56.33,7.45,70.5929
2019/01/31,56.94,80.08,0.63,53.33,8.47,70.5929
2019/02/01,56.64,81.26,0.66,54.53,7.03,70.5929
2019/02/02,58.34,82.22,0.64,55.36,6.85,70.5929
2019/02/03,60.14,83.23,0.61,55.95,7.69,70.5929
2019/02/04,58.96,84.41,0.63,56.99,9.55,70.5929
2019/02/05,60.5,84.55,0.63,57.73,8.55,70.5929
2019/02/06,58.12,85.18,0.55,53.22,6.77,70.5929
2019/02/07,60.34,86.72,0.55,54.82,6.24,70.5929
2019/02/08,61.21,87.71,0.61,59.05,4.82,70.5929
2019/02/09,63.98,82.45,0.74,63.88,4.23,70.5929
2019/02/10,64.55,82.18,0.75,63.71,6.88,70.5929
2019/02/11,63.79,81.6,0.75,62.91,10.72,70.5929
2019/02/12,60.45,82.54,0.69,59.33,10.75,70.5929
2019/02/13,58.16,83.58,0.62,56.09,9.05,70.5929
2019/02/14,56.53,85.49,0.57,55.78,8.45,70.5929
2019/02/15,59.95,85.86,0.64,59.75,6.1,70.5929
2019/02/16,63.99,88.13,0.61,60.82,4.89,70.5929
2019/02/17,66.68,90.52,0.52,55.72,7.16,70.5929
2019/02/18,64.26,91.01,0.44,52.23,3.5,70.5929
2019/02/19,66.46,86.88,0.63,62.33,8.26,70.5929
2019/02/20,65.1,86.91,0.62,59.92,10.09,70.5929
2019/02/21,58.6,86.16,0.57,54.65,8.89,70.5929
2019/02/22,57.83,89.04,0.39,43.47,9.42,70.5929
2019/02/23,56.97,91.23,0.29,35.96,8.26,70.5929
2019/02/24,57.83,91.9,0.32,37.97,7.6,70.5929
2019/02/25,58.05,92.4,0.3,32.88,6.14,70.5929
2019/02/26,60.45,93.24,0.39,46.91,5.91,70.5929
2019/02/27,66.63,91.92,0.5,55.55,5.82,70.5929
2019/02/28,69.37,91.39,0.38,46.84,5.84,70.5929
2019/03/01,66.3,90.44,0.57,58.88,5.95,70.5929
2019/03/02,67.28,87.28,0.63,61.5,9.68,70.5929
2019/03/03,64.1,87.97,0.6,59.7,5.99,70.5929
2019/03/04,64.98,91.38,0.56,58.96,5.78,70.5929
2019/03/05,72.8,90.8,0.48,59.79,4.87,70.5929
2019/03/06,73.4,94.98,0.34,49.55,5.47,70.5929
2019/03/07,69.37,97.04,0.28,38.49,4.75,70.5929
2019/03/08,67.24,94.27,0.39,49.27,5.09,70.5929
2019/03/09,67.3,89.3,0.53,59.28,5.74,70.5929
2019/03/10,68.4,89.51,0.53,59.53,6.89,70.5929
2019/03/11,68.0,91.18,0.44,53.45,8.66,70.5929
2019/03/12,64.28,91.07,0.38,48.06,9.0,70.5929
2019/03/13,63.02,91.31,0.32,43.22,9.63,70.5929
2019/03/14,62.04,92.05,0.29,40.52,10.25,70.5929
2019/03/15,66.47,91.8,0.24,37.12,9.93,70.5929
2019/03/16,60.91,90.1,0.37,45.96,9.24,70.5929
2019/03/17,60.24,91.48,0.41,46.5,6.87,70.5929
2019/03/18,61.05,93.1,0.49,52.68,7.0,70.5929
2019/03/19,64.39,93.6,0.52,56.88,6.94,70.5929
2019/03/20,67.36,90.56,0.49,56.74,8.12,70.5929
2019/03/21,66.31,93.07,0.44,53.35,6.6,70.5929
2019/03/22,67.14,92.21,0.48,56.78,6.23,70.5929
2019/03/23,67.7,93.14,0.49,56.91,5.32,70.5929
2019/03/24,70.27,93.89,0.39,52.73,7.8,70.5929
2019/03/25,66.91,93.58,0.41,51.34,8.61,70.5929
2019/03/26,67.73,93.81,0.34,47.65,8.51,70.5929
2019/03/27,65.49,94.61,0.33,42.12,7.76,70.5929
2019/03/28,64.55,96.55,0.36,45.58,6.77,70.5929
2019/03/29,67.7,94.79,0.32,47.52,5.83,70.5929
2019/03/30,69.22,96.56,0.33,46.46,6.65,70.5929
2019/03/31,67.64,96.04,0.37,47.0,6.29,70.5929
2019/04/01,69.54,95.63,0.28,43.75,6.84,70.5929
2019/04/02,69.06,92.86,0.4,53.08,6.0,70.5929
2019/04/03,67.4,93.68,0.43,53.09,8.36,70.5929
2019/04/04,65.72,94.05,0.39,49.53,9.88,70.5929
2019/04/05,67.24,93.69,0.42,52.56,7.08,70.5929
2019/04/06,67.56,95.38,0.37,46.3,7.01,70.5929
2019/04/07,67.94,95.96,0.27,42.52,7.71,70.5929
2019/04/08,68.11,93.65,0.46,56.45,6.85,70.5929
2019/04/09,67.69,92.77,0.49,59.07,4.47,70.5929
2019/04/10,68.05,94.67,0.46,56.99,6.14,70.5929
2019/04/11,68.63,95.74,0.42,53.09,6.11,70.5929
2019/04/12,69.31,96.43,0.37,51.44,6.46,70.5929
2019/04/13,68.69,96.78,0.34,48.12,7.35,70.5929
2019/04/14,68.13,95.95,0.32,47.09,8.8,70.5929
2019/04/15,66.01,97.24,0.29,40.84,7.1,70.5929
2019/04/16,68.34,97.22,0.37,51.5,5.63,70.5929
2019/04/17,72.1,89.2,0.55,63.71,5.29,70.5929
2019/04/18,70.68,89.22,0.57,64.29,4.34,70.5929
2019/04/19,70.38,92.74,0.55,62.25,5.67,70.5929
2019/04/20,71.69,88.75,0.61,65.02,6.66,70.5929
2019/04/21,69.77,92.26,0.55,61.17,5.34,70.5929
2019/04/22,71.05,91.04,0.58,64.12,6.26,70.5929
2019/04/23,68.3,92.0,0.51,59.28,6.34,70.5929
2019/04/24,69.27,93.73,0.47,57.33,6.55,70.5929
2019/04/25,68.99,96.06,0.36,49.49,5.83,70.5929
2019/04/26,69.93,97.2,0.36,51.05,6.7,70.5929
2019/04/27,71.16,96.07,0.36,53.26,5.7,70.5929
2019/04/28,71.47,96.65,0.39,53.46,6.25,70.5929
2019/04/29,73.55,94.42,0.46,59.58,5.84,70.5929
2019/04/30,70.14,92.24,0.54,63.19,8.78,70.5929
2019/05/01,70.99,93.81,0.52,61.42,13.32,70.5929
2019/05/02,72.43,97.79,0.39,52.64,12.26,70.5929
2019/05/03,70.0,95.93,0.41,54.3,11.18,70.5929
2019/05/04,72.62,94.18,0.45,58.36,7.28,70.5929
2019/05/05,74.08,94.99,0.4,56.96,4.8,70.5929
2019/05/06,77.37,96.2,0.39,57.91,4.9,70.5929
2019/05/07,76.01,91.92,0.54,64.12,8.55,70.5929
2019/05/08,70.16,91.9,0.63,65.83,12.17,70.5929
2019/05/09,68.51,91.91,0.6,63.86,10.17,70.5929
2019/05/10,70.85,94.16,0.49,60.87,6.21,70.5929
2019/05/11,74.29,93.15,0.56,64.78,5.76,70.5929
2019/05/12,71.47,88.5,0.64,67.03,4.63,70.5929
2019/05/13,68.66,88.51,0.66,66.51,5.18,70.5929
2019/05/14,70.85,93.47,0.6,65.04,7.04,70.5929
2019/05/15,68.02,89.25,0.66,67.04,5.33,70.5929
2019/05/16,69.31,90.55,0.6,64.51,4.51,70.5929
2019/05/17,68.66,89.0,0.64,66.49,4.23,70.5929
2019/05/18,68.91,94.55,0.54,62.72,4.22,70.5929
2019/05/19,71.08,95.1,0.47,60.84,4.97,70.5929
2019/05/20,71.84,93.78,0.48,61.06,5.24,70.5929
2019/05/21,69.85,93.97,0.47,59.69,4.58,70.5929
2019/05/22,70.94,92.15,0.57,64.03,3.6,70.5929
2019/05/23,70.75,92.38,0.6,65.01,4.3,70.5929
2019/05/24,69.43,91.39,0.63,66.33,3.8,70.5929
2019/05/25,71.12,92.29,0.64,67.07,5.74,70.5929
2019/05/26,69.39,92.46,0.65,66.77,6.63,70.5929
2019/05/27,70.68,94.73,0.6,66.03,5.83,70.5929
2019/05/28,73.94,93.88,0.57,66.2,6.16,70.5929
2019/05/29,70.13,92.12,0.62,66.76,6.9,70.5929
2019/05/30,69.93,93.64,0.63,67.08,7.03,70.5929
2019/05/31,68.45,89.83,0.72,69.3,7.57,70.5929
2019/06/01,71.16,91.8,0.61,65.7,8.09,70.5929
2019/06/02,70.63,89.72,0.67,68.12,8.22,70.5929
2019/06/03,70.03,89.23,0.66,67.01,11.18,70.5929
2019/06/04,71.84,90.43,0.59,65.24,7.99,70.5929
2019/06/05,68.64,88.95,0.69,68.59,6.63,70.5929
2019/06/06,70.59,92.32,0.62,66.7,6.77,70.5929
2019/06/07,68.61,92.01,0.71,68.86,6.26,70.5929
2019/06/08,69.27,90.66,0.66,67.49,7.51,70.5929
2019/06/09,69.01,91.3,0.63,66.83,7.73,70.5929
2019/06/10,71.31,86.99,0.66,66.89,8.36,70.5929
2019/06/11,69.55,89.29,0.67,66.35,14.26,70.5929
2019/06/12,69.87,86.02,0.7,67.25,17.26,70.5929
2019/06/13,70.47,84.56,0.71,67.53,15.72,70.5929
2019/06/14,68.35,86.88,0.68,66.36,14.39,70.5929
2019/06/15,68.1,89.38,0.62,64.29,13.81,70.5929
2019/06/16,67.6,90.1,0.61,64.06,12.87,70.5929
2019/06/17,67.83,88.46,0.61,63.43,12.89,70.5929
2019/06/18,68.36,87.94,0.62,63.84,13.44,70.5929
2019/06/19,68.55,89.74,0.64,64.97,13.12,70.5929
2019/06/20,69.03,86.71,0.66,65.72,15.38,70.5929
2019/06/21,67.8,86.17,0.67,65.14,13.66,70.5929
2019/06/22,68.37,83.61,0.74,65.95,13.43,70.5929
2019/06/23,67.66,84.69,0.72,66.27,12.32,70.5929
2019/06/24,68.17,86.61,0.73,67.62,10.49,70.5929
2019/06/25,68.28,87.46,0.69,65.83,10.44,70.5929
2019/06/26,68.65,83.56,0.71,66.14,12.47,70.5929
2019/06/27,67.95,86.6,0.69,66.1,14.85,70.5929
2019/06/28,67.34,86.3,0.64,63.31,16.53,70.5929
2019/06/29,67.18,85.76,0.66,64.07,17.17,70.5929
2019/06/30,67.94,85.3,0.66,63.95,17.04,70.5929
2019/07/01,67.98,87.93,0.63,63.72,15.86,70.5929
2019/07/02,67.97,87.48,0.62,63.84,16.04,70.5929
2019/07/03,68.62,87.14,0.62,63.8,16.25,70.5929
2019/07/04,68.41,87.29,0.64,64.33,16.64,70.5929
2019/07/05,68.35,84.65,0.68,65.02,17.85,70.5929
2019/07/06,68.02,83.79,0.69,64.68,16.88,70.5929
2019/07/07,67.4,86.17,0.66,63.97,17.11,70.5929
2019/07/08,67.4,87.4,0.63,63.48,16.98,70.5929
2019/07/09,67.77,84.69,0.71,65.58,16.46,70.5929
2019/07/10,67.41,86.1,0.66,64.26,16.32,70.5929
2019/07/11,68.55,87.1,0.64,63.85,15.65,70.5929
2019/07/12,69.03,86.39,0.6,63.18,9.69,70.5929
2019/07/13,67.98,88.85,0.63,64.16,9.16,70.5929
2019/07/14,67.71,87.51,0.71,65.86,11.13,70.5929
2019/07/15,66.95,86.9,0.7,65.58,11.8,70.5929
2019/07/16,67.68,88.68,0.67,65.17,11.43,70.5929
2019/07/17,68.62,86.77,0.72,66.79,10.14,70.5929
2019/07/18,66.5,84.37,0.75,67.44,11.57,70.5929
2019/07/19,66.66,83.74,0.79,67.96,12.17,70.5929
2019/07/20,67.03,81.42,0.77,66.55,15.46,70.5929
2019/07/21,67.21,81.22,0.78,67.37,14.97,70.5929
2019/07/22,67.49,79.19,0.8,66.7,14.76,70.5929
2019/07/23,64.51,79.73,0.82,66.61,15.46,70.5929
2019/07/24,65.99,83.34,0.77,67.11,12.76,70.5929
2019/07/25,66.44,83.09,0.8,68.16,12.08,70.5929
2019/07/26,66.55,80.57,0.81,67.04,13.68,70.5929
2019/07/27,65.65,82.04,0.74,65.12,15.78,70.5929
2019/07/28,65.48,81.95,0.76,65.41,16.1,70.5929
2019/07/29,65.83,80.27,0.76,65.45,16.33,70.5929
2019/07/30,65.83,82.37,0.73,64.69,15.2,70.5929
2019/07/31,66.17,84.62,0.67,64.21,14.14,70.5929
2019/08/01,66.53,83.81,0.68,64.19,16.08,70.5929
2019/08/02,66.54,83.1,0.69,64.23,17.35,70.5929
2019/08/03,67.15,83.39,0.67,63.15,17.02,70.5929
2019/08/04,66.78,83.72,0.7,64.69,17.68,70.5929
2019/08/05,67.28,79.53,0.77,65.85,18.96,70.5929
2019/08/06,67.35,76.67,0.83,66.29,19.97,70.5929
2019/08/07,66.42,80.48,0.77,65.79,22.1,70.5929
2019/08/08,67.19,79.8,0.81,67.25,20.89,70.5929
2019/08/09,68.05,76.94,0.85,67.07,18.78,70.5929
2019/08/10,66.78,79.71,0.79,66.43,18.56,70.5929
2019/08/11,66.38,84.24,0.71,64.73,17.21,70.5929
2019/08/12,65.48,82.88,0.74,66.0,15.16,70.5929
2019/08/13,66.45,82.38,0.78,67.31,13.42,70.5929
2019/08/14,66.55,83.57,0.82,67.46,14.08,70.5929
2019/08/15,65.53,82.89,0.79,66.93,13.96,70.5929
2019/08/16,66.28,84.52,0.77,67.4,11.8,70.5929
2019/08/17,66.14,81.15,0.81,67.22,10.88,70.5929
2019/08/18,66.54,81.24,0.83,67.84,8.76,70.5929
2019/08/19,65.23,83.61,0.82,67.92,7.09,70.5929
2019/08/20,66.68,81.21,0.83,67.68,9.33,70.5929
2019/08/21,66.4,83.2,0.79,66.41,11.66,70.5929
2019/08/22,67.19,81.51,0.79,66.71,13.28,70.5929
2019/08/23,66.09,83.31,0.77,66.02,14.1,70.5929
2019/08/24,65.55,82.84,0.81,66.7,14.6,70.5929
2019/08/25,66.35,83.99,0.73,65.02,14.01,70.5929
2019/08/26,65.56,82.65,0.77,65.74,13.78,70.5929
2019/08/27,65.14,79.35,0.79,66.21,14.08,70.5929
2019/08/28,66.19,84.9,0.72,65.53,13.1,70.5929
2019/08/29,66.78,85.2,0.74,66.22,12.65,70.5929
2019/08/30,65.89,83.22,0.74,65.98,15.63,70.5929
2019/08/31,66.47,83.17,0.73,65.03,15.48,70.5929
2019/09/01,66.56,81.21,0.78,66.18,14.38,70.5929
2019/09/02,65.85,79.07,0.84,67.38,14.75,70.5929
2019/09/03,67.88,79.88,0.8,66.36,17.38,70.5929
2019/09/04,66.58,80.69,0.8,66.43,16.25,70.5929
2019/09/05,66.37,81.08,0.8,66.87,17.66,70.5929
2019/09/06,67.67,83.78,0.73,65.64,19.52,70.5929
2019/09/07,66.41,82.97,0.75,65.41,18.32,70.5929
2019/09/08,66.08,83.3,0.76,66.25,17.15,70.5929
2019/09/09,66.28,82.06,0.78,66.72,14.35,70.5929
2019/09/10,66.09,86.31,0.73,66.08,12.93,70.5929
2019/09/11,66.58,85.64,0.77,66.74,10.98,70.5929
2019/09/12,66.76,83.21,0.78,66.8,11.12,70.5929
2019/09/13,67.94,84.81,0.72,66.1,11.36,70.5929
2019/09/14,66.39,85.58,0.7,65.41,9.55,70.5929
2019/09/15,67.65,85.64,0.73,66.14,10.24,70.5929
2019/09/16,65.95,82.14,0.81,67.39,12.16,70.5929
2019/09/17,66.14,81.08,0.8,66.43,11.81,70.5929
2019/09/18,67.12,80.17,0.82,67.4,9.08,70.5929
2019/09/19,67.14,81.57,0.8,67.22,8.08,70.5929
2019/09/20,65.9,83.06,0.76,66.23,8.38,70.5929
2019/09/21,66.16,85.57,0.77,67.32,5.38,70.5929
2019/09/22,67.07,82.37,0.85,68.81,3.96,70.5929
2019/09/23,66.54,81.75,0.86,68.64,4.23,70.5929
2019/09/24,65.63,80.74,0.87,68.81,4.71,70.5929
2019/09/25,66.45,82.45,0.83,68.57,6.57,70.5929
2019/09/26,65.88,79.43,0.85,67.8,8.51,70.5929
2019/09/27,65.12,82.13,0.83,67.35,4.87,70.5929
2019/09/28,65.89,82.77,0.8,66.68,6.16,70.5929
2019/09/29,65.22,83.07,0.76,65.77,6.93,70.5929
2019/09/30,64.94,82.75,0.77,65.5,7.16,70.5929
2019/10/01,65.49,83.88,0.81,67.3,3.56,70.5929
2019/10/02,65.58,84.44,0.77,66.73,3.88,70.5929
2019/10/03,65.7,84.7,0.81,67.32,3.8,70.5929
2019/10/04,65.62,84.92,0.77,66.3,3.55,70.5929
2019/10/05,65.22,82.11,0.81,66.7,4.27,70.5929
2019/10/06,65.32,82.06,0.84,67.61,4.54,70.5929
2019/10/07,67.22,82.43,0.83,67.68,4.08,70.5929
2019/10/08,64.52,83.46,0.81,67.1,3.81,70.5929
2019/10/09,64.96,80.61,0.85,68.01,4.17,70.5929
2019/10/10,64.59,81.85,0.85,68.4,5.97,70.5929
2019/10/11,65.33,81.14,0.88,69.06,3.95,70.5929
2019/10/12,65.75,82.31,0.84,68.62,5.48,70.5929
2019/10/13,66.42,82.36,0.85,68.83,6.14,70.5929
2019/10/14,65.97,83.11,0.84,68.72,5.77,70.5929
2019/10/15,65.69,81.75,0.87,69.09,7.6,70.5929
2019/10/16,64.27,79.29,0.89,68.53,7.14,70.5929
2019/10/17,65.05,74.55,0.94,67.46,6.47,70.5929
2019/10/18,63.47,79.49,0.88,67.37,6.57,70.5929
2019/10/19,63.56,81.96,0.88,67.55,6.14,70.5929
2019/10/20,65.25,78.87,0.89,68.28,6.62,70.5929
2019/10/21,64.75,76.85,0.91,67.6,4.86,70.5929
2019/10/22,65.07,78.23,0.9,67.89,5.94,70.5929
2019/10/23,65.22,81.15,0.87,67.44,9.57,70.5929
2019/10/24,65.81,77.47,0.85,66.35,9.1,70.5929
2019/10/25,64.05,79.66,0.84,66.36,8.81,70.5929
2019/10/26,63.94,79.17,0.88,67.08,5.55,70.5929
2019/10/27,64.51,79.43,0.83,65.9,3.81,70.5929
2019/10/28,63.67,80.13,0.88,67.51,7.34,70.5929
2019/10/29,66.02,75.85,0.93,68.17,9.13,70.5929
2019/10/30,65.34,72.94,0.95,67.42,10.12,70.5929
2019/10/31,65.75,77.64,0.9,67.23,10.32,70.5929
2019/11/01,64.81,81.04,0.82,66.0,4.34,70.5929
2019/11/02,64.82,81.93,0.83,66.81,5.1,70.5929
2019/11/03,66.34,82.88,0.8,65.91,5.93,70.5929
2019/11/04,62.14,83.72,0.71,61.45,4.82,70.5929
2019/11/05,61.69,83.48,0.71,62.87,4.98,70.5929
2019/11/06,62.9,84.74,0.71,63.01,2.92,70.5929
2019/11/07,64.33,83.94,0.74,64.41,3.5,70.5929
2019/11/08,65.23,81.26,0.84,66.68,4.2,70.5929
2019/11/09,64.92,82.09,0.8,66.3,4.12,70.5929
2019/11/10,63.06,82.32,0.82,66.36,4.16,70.5929
2019/11/11,62.96,81.81,0.78,64.26,4.75,70.5929
2019/11/12,63.61,81.29,0.77,63.51,7.71,70.5929
2019/11/13,60.59,82.01,0.75,62.16,8.68,70.5929
2019/11/14,61.71,79.4,0.85,65.42,8.12,70.5929
2019/11/15,64.48,80.47,0.86,66.65,6.84,70.5929
2019/11/16,64.08,80.31,0.81,65.01,6.43,70.5929
2019/11/17,63.17,82.06,0.76,63.08,7.1,70.5929
2019/11/18,62.36,80.07,0.85,66.65,7.61,70.5929
2019/11/19,66.14,82.21,0.79,65.81,5.89,70.5929
2019/11/20,64.8,79.29,0.87,66.9,8.65,70.5929
2019/11/21,65.05,79.45,0.82,64.97,8.33,70.5929
2019/11/22,62.75,77.73,0.81,63.35,8.45,70.5929
2019/11/23,57.54,79.85,0.78,61.34,8.21,70.5929
2019/11/24,58.17,80.54,0.79,61.43,6.89,70.5929
2019/11/25,58.59,79.33,0.77,61.64,8.55,70.5929
2019/11/26,58.96,79.39,0.78,60.77,9.04,70.5929
2019/11/27,64.0,79.2,0.86,65.91,10.69,70.5929
2019/11/28,64.73,76.24,0.89,66.37,9.32,70.5929
2019/11/29,63.72,80.36,0.87,66.06,9.52,70.5929
2019/11/30,63.27,76.99,0.89,66.16,11.08,70.5929
2019/12/01,65.46,71.85,0.97,67.44,9.61,70.5929
2019/12/02,65.25,74.6,0.9,65.83,10.93,70.5929
2019/12/03,64.94,76.6,0.88,65.37,10.44,70.5929
2019/12/04,62.24,76.97,0.86,63.96,11.24,70.5929
2019/12/05,60.06,76.45,0.85,62.31,10.21,70.5929
2019/12/06,61.1,74.5,0.85,61.91,9.54,70.5929
2019/12/07,55.98,77.91,0.89,63.01,7.69,70.5929
2019/12/08,62.2,75.2,0.91,64.68,8.32,70.5929
2019/12/09,59.19,77.37,0.84,61.94,8.69,70.5929
2019/12/10,60.17,76.36,0.82,62.07,7.67,70.5929
2019/12/11,58.77,77.83,0.77,60.41,6.11,70.5929
2019/12/12,57.76,79.35,0.78,60.43,6.43,70.5929
2019/12/13,58.69,79.59,0.8,62.02,6.78,70.5929
2019/12/14,64.4,74.47,0.92,65.78,8.59,70.5929
2019/12/15,61.32,76.13,0.84,62.25,8.46,70.5929
2019/12/16,59.45,79.58,0.83,63.08,7.89,70.5929
2019/12/17,62.04,78.85,0.78,61.65,9.55,70.5929
2019/12/18,58.96,79.14,0.82,62.2,9.31,70.5929
2019/12/19,59.2,78.31,0.82,61.77,9.37,70.5929
2019/12/20,58.34,79.59,0.78,60.5,7.36,70.5929
2019/12/21,63.35,79.94,0.81,62.66,8.36,70.5929
2019/12/22,61.9,79.68,0.77,61.18,8.14,70.5929
2019/12/23,60.74,78.34,0.79,60.9,7.31,70.5929
2019/12/24,59.94,80.2,0.84,63.46,6.89,70.5929
2019/12/25,63.12,77.92,0.86,65.08,7.47,70.5929
2019/12/26,62.36,80.04,0.79,62.67,5.34,70.5929
2019/12/27,61.57,81.49,0.78,62.33,5.65,70.5929
2019/12/28,60.39,78.96,0.77,60.84,8.33,70.5929
2019/12/29,60.05,79.35,0.76,60.42,7.84,70.5929
2019/12/30,61.39,77.96,0.79,61.19,7.87,70.5929
2019/12/31,63.62,78.43,0.8,62.83,8.75,70.5929
2020/01/01,62.92,79.04,0.81,63.81,9.24,70.5929
2020/01/02,65.01,79.87,0.81,64.52,7.43,70.5929
2020/01/03,65.06,81.44,0.79,64.38,6.52,70.5929
2020/01/04,65.46,82.98,0.76,64.06,4.79,70.5929
2020/01/05,65.63,82.22,0.78,64.39,6.97,70.5929
2020/01/06,64.28,81.06,0.83,65.23,9.5,70.5929
2020/01/07,63.43,79.14,0.83,64.1,9.71,70.5929
2020/01/08,61.45,81.12,0.73,59.99,7.17,70.5929
2020/01/09,59.09,82.6,0.76,60.81,5.5,70.5929
2020/01/10,58.66,80.4,0.72,58.41,8.26,70.5929
2020/01/11,54.65,79.36,0.73,56.05,8.36,70.5929
2020/01/12,57.71,80.46,0.72,57.43,7.44,70.5929
2020/01/13,59.8,85.03,0.66,56.21,4.56,70.5929
2020/01/14,58.21,83.66,0.64,55.0,5.47,70.5929
2020/01/15,54.29,81.96,0.62,51.53,6.86,70.5929
2020/01/16,56.45,83.24,0.69,55.07,6.38,70.5929
2020/01/17,57.33,82.32,0.66,55.69,6.88,70.5929
2020/01/18,63.5,82.95,0.79,63.64,9.79,70.5929
2020/01/19,62.2,82.09,0.73,61.6,8.34,70.5929
2020/01/20,60.92,84.45,0.68,58.87,8.35,70.5929
2020/01/21,57.8,83.52,0.63,54.3,8.95,70.5929
2020/01/22,56.71,83.4,0.75,59.08,9.62,70.5929
2020/01/23,60.38,83.21,0.71,59.08,9.43,70.5929
2020/01/24,55.65,86.15,0.56,49.59,6.71,70.5929
2020/01/25,54.6,84.92,0.39,35.18,5.38,70.5929
2020/01/26,54.53,87.92,0.48,46.85,5.5,70.5929
2020/01/27,58.13,87.32,0.53,51.51,6.21,70.5929
2020/01/28,58.32,85.82,0.61,56.0,6.74,70.5929
2020/01/29,62.6,86.08,0.63,57.93,6.44,70.5929
2020/01/30,59.68,87.7,0.54,53.38,4.84,70.5929
2020/01/31,61.71,85.5,0.54,54.14,6.07,70.5929
2020/02/01,59.25,82.5,0.69,58.79,9.01,70.5929
2020/02/02,60.16,82.42,0.65,56.47,9.51,70.5929
2020/02/03,59.06,83.63,0.62,53.76,8.16,70.5929
2020/02/04,57.12,85.34,0.64,54.43,8.41,70.5929
2020/02/05,63.37,85.07,0.64,57.38,7.48,70.5929
2020/02/06,57.07,84.41,0.56,52.41,6.52,70.5929
2020/02/07,58.37,84.97,0.63,56.13,7.72,70.5929
2020/02/08,60.17,87.15,0.61,56.28,6.11,70.5929
2020/02/09,60.53,82.53,0.69,59.26,8.99,70.5929
2020/02/10,63.42,82.72,0.67,58.51,11.5,70.5929
2020/02/11,58.73,83.51,0.65,56.68,11.4,70.5929
2020/02/12,59.78,84.27,0.66,57.47,9.95,70.5929
2020/02/13,58.3,89.01,0.58,53.09,7.33,70.5929
2020/02/14,57.64,89.51,0.57,53.04,4.41,70.5929
2020/02/15,58.0,91.87,0.43,46.61,4.92,70.5929
2020/02/16,58.91,87.73,0.38,43.02,7.66,70.5929
2020/02/17,52.45,87.09,0.48,43.97,7.41,70.5929
2020/02/18,54.16,87.35,0.49,47.37,7.65,70.5929
2020/02/19,56.7,87.05,0.55,51.87,7.14,70.5929
2020/02/20,55.59,86.57,0.56,49.47,8.27,70.5929
2020/02/21,55.01,88.53,0.55,48.75,7.71,70.5929
2020/02/22,62.74,87.35,0.6,55.61,9.83,70.5929
2020/02/23,61.87,86.78,0.62,56.13,9.22,70.5929
2020/02/24,61.64,87.93,0.6,54.94,7.86,70.5929
2020/02/25,60.52,89.28,0.64,56.98,6.95,70.5929
2020/02/26,61.72,86.95,0.64,59.11,7.75,70.5929
2020/02/27,62.45,84.74,0.64,58.92,7.33,70.5929
2020/02/28,60.49,86.49,0.67,59.18,8.89,70.5929
2020/02/29,62.62,88.06,0.62,57.76,8.04,70.5929
2020/03/01,62.73,89.23,0.6,57.89,8.57,70.5929
2020/03/02,63.58,84.47,0.67,61.26,5.29,70.5929
2020/03/03,63.9,86.37,0.59,59.25,4.97,70.5929
2020/03/04,66.37,83.79,0.64,61.78,5.79,70.5929
2020/03/05,66.52,86.5,0.61,61.85,8.44,70.5929
2020/03/06,66.38,84.39,0.69,63.59,6.84,70.5929
2020/03/07,66.38,84.68,0.7,64.58,7.99,70.5929
2020/03/08,67.36,85.26,0.73,65.32,7.36,70.5929
2020/03/09,64.87,87.0,0.7,64.34,6.57,70.5929
2020/03/10,66.0,87.76,0.62,61.45,7.59,70.5929
2020/03/11,64.9,87.96,0.52,55.28,6.97,70.5929
2020/03/12,64.58,90.11,0.5,54.85,6.72,70.5929
2020/03/13,62.28,88.97,0.48,53.28,7.37,70.5929
2020/03/14,61.45,89.82,0.52,52.97,7.47,70.5929
2020/03/15,61.82,89.89,0.56,55.13,7.91,70.5929
2020/03/16,63.98,90.37,0.62,59.94,8.77,70.5929
2020/03/17,64.53,89.01,0.56,56.48,9.5,70.5929
2020/03/18,61.59,91.7,0.46,51.53,7.97,70.5929
2020/03/19,64.17,93.2,0.43,49.59,6.46,70.5929
2020/03/20,66.98,86.11,0.61,61.04,5.62,70.5929
2020/03/21,66.61,89.65,0.55,59.12,5.28,70.5929
2020/03/22,66.37,88.54,0.54,57.9,5.88,70.5929
2020/03/23,67.31,86.76,0.61,61.93,6.83,70.5929
2020/03/24,66.3,91.69,0.49,55.55,6.63,70.5929
2020/03/25,63.26,89.43,0.51,54.79,7.82,70.5929
2020/03/26,62.48,91.56,0.5,54.31,8.28,70.5929
2020/03/27,62.94,89.63,0.5,51.79,7.98,70.5929
2020/03/28,61.32,92.04,0.41,43.56,7.15,70.5929
2020/03/29,61.24,92.26,0.37,45.52,7.26,70.5929
2020/03/30,63.36,93.31,0.39,46.03,8.06,70.5929
2020/03/31,61.21,92.7,0.38,46.66,8.67,70.5929
2020/04/01,63.71,94.05,0.36,46.49,7.74,70.5929
2020/04/02,65.13,94.24,0.39,50.49,8.09,70.5929
2020/04/03,63.85,94.84,0.44,51.58,7.96,70.5929
2020/04/04,61.38,95.5,0.42,48.07,6.1,70.5929
2020/04/05,63.64,95.76,0.58,59.11,6.5,70.5929
2020/04/06,68.65,93.63,0.54,60.98,5.49,70.5929
2020/04/07,70.85,87.19,0.59,62.92,6.05,70.5929
2020/04/08,68.17,87.53,0.61,62.31,5.71,70.5929
2020/04/09,68.31,89.56,0.62,62.36,4.43,70.5929
2020/04/10,66.74,90.76,0.56,59.39,6.95,70.5929
2020/04/11,64.23,92.21,0.44,51.33,7.63,70.5929
2020/04/12,63.4,94.48,0.39,46.04,8.07,70.5929
2020/04/13,63.17,96.16,0.37,43.12,7.99,70.5929
2020/04/14,66.15,95.93,0.29,41.08,7.9,70.5929
2020/04/15,66.4,95.44,0.31,41.93,8.06,70.5929
2020/04/16,64.67,95.66,0.37,43.37,7.97,70.5929
2020/04/17,66.87,96.59,0.37,46.94,5.8,70.5929
2020/04/18,75.2,92.87,0.51,62.22,5.24,70.5929
2020/04/19,75.19,92.87,0.51,62.41,5.27,70.5929
2020/04/20,75.18,92.85,0.52,62.6,5.31,70.5929
2020/04/21,75.17,92.84,0.52,62.79,5.34,70.5929
2020/04/22,75.15,92.81,0.52,62.98,5.38,70.5929
2020/04/23,75.12,92.78,0.53,63.17,5.43,70.5929
2020/04/24,75.09,92.75,0.53,63.35,5.47,70.5929
2020/04/25,75.05,92.71,0.53,63.53,5.52,70.5929
2020/04/26,75.01,92.67,0.54,63.71,5.57,70.5929
2020/04/27,74.97,92.62,0.54,63.89,5.62,70.5929
2020/04/28,74.92,92.57,0.55,64.06,5.67,70.5929
2020/04/29,74.86,92.52,0.55,64.23,5.73,70.5929
2020/04/30,74.8,92.45,0.56,64.39,5.78,70.5929
2020/05/01,74.74,92.39,0.56,64.56,5.84,70.5929
2020/05/02,74.67,92.32,0.56,64.72,5.9,70.5929
2020/05/03,74.6,92.25,0.57,64.87,5.97,70.5929
2020/05/04,74.52,92.17,0.57,65.02,6.03,70.5929
2020/05/05,74.44,92.09,0.58,65.17,6.1,70.5929
2020/05/06,74.36,92.0,0.58,65.31,6.17,70.5929
2020/05/07,74.27,91.92,0.59,65.45,6.24,70.5929
2020/05/08,74.18,91.82,0.59,65.59,6.31,70.5929
2020/05/09,74.09,91.73,0.6,65.72,6.39,70.5929
2020/05/10,73.99,91.63,0.6,65.85,6.46,70.5929
2020/05/11,73.89,91.53,0.6,65.97,6.54,70.5929
2020/05/12,73.79,91.43,0.61,66.09,6.62,70.5929
2020/05/13,73.69,91.32,0.61,66.2,6.7,70.5929
2020/05/14,73.58,91.21,0.62,66.31,6.78,70.5929
2020/05/15,73.47,91.1,0.62,66.42,6.87,70.5929
2020/05/16,73.35,90.99,0.63,66.52,6.95,70.5929
2020/05/17,73.24,90.87,0.63,66.61,7.04,70.5929
2020/05/18,73.12,90.75,0.64,66.71,7.13,70.5929
2020/05/19,73.0,90.63,0.64,66.79,7.21,70.5929
2020/05/20,72.88,90.51,0.65,66.88,7.3,70.5929
2020/05/21,72.76,90.39,0.65,66.96,7.39,70.5929
2020/05/22,72.64,90.27,0.65,67.03,7.48,70.5929
2020/05/23,72.51,90.14,0.66,67.1,7.57,70.5929
2020/05/24,72.39,90.01,0.66,67.17,7.66,70.5929
2020/05/25,72.26,89.89,0.67,67.23,7.76,70.5929
2020/05/26,72.13,89.76,0.67,67.29,7.85,70.5929
2020/05/27,72.01,89.63,0.67,67.34,7.94,70.5929
2020/05/28,71.88,89.5,0.68,67.39,8.03,70.5929
2020/05/29,71.75,89.38,0.68,67.43,8.13,70.5929
2020/05/30,71.62,89.25,0.69,67.48,8.22,70.5929
2020/05/31,71.49,89.12,0.69,67.51,8.31,70.5929
2020/06/01,71.36,88.99,0.69,67.55,8.4,70.5929
2020/06/02,71.23,88.86,0.7,67.58,8.49,70.5929
2020/06/03,71.11,88.73,0.7,67.6,8.58,70.5929
2020/06/04,70.98,88.61,0.71,67.63,8.68,70.5929
2020/06/05,70.85,88.48,0.71,67.65,8.76,70.5929
2020/06/06,70.72,88.35,0.71,67.67,8.85,70.5929
2020/06/07,70.6,88.23,0.72,67.68,8.94,70.5929
2020/06/08,70.48,88.1,0.72,67.69,9.03,70.5929
2020/06/09,70.35,87.98,0.72,67.7,9.11,70.5929
2020/06/10,70.23,87.86,0.72,67.7,9.2,70.5929
2020/06/11,70.11,87.74,0.73,67.71,9.28,70.5929
2020/06/12,69.99,87.62,0.73,67.71,9.36,70.5929
2020/06/13,69.87,87.51,0.73,67.7,9.44,70.5929
2020/06/14,69.76,87.39,0.74,67.7,9.52,70.5929
2020/06/15,69.64,87.28,0.74,67.69,9.59,70.5929
2020/06/16,69.53,87.17,0.74,67.68,9.67,70.5929
2020/06/17,69.42,87.06,0.74,67.67,9.74,70.5929
2020/06/18,69.31,86.95,0.75,67.65,9.81,70.5929
2020/06/19,69.21,86.84,0.75,67.63,9.88,70.5929
2020/06/20,69.1,86.74,0.75,67.6,9.94,70.5929
2020/06/21,69.0,86.64,0.75,67.58,10.01,70.5929
2020/06/22,68.9,86.54,0.75,67.55,10.07,70.5929
2020/06/23,68.81,86.45,0.75,67.53,10.12,70.5929
2020/06/24,68.71,86.35,0.76,67.5,10.18,70.5929
2020/06/25,68.62,86.26,0.76,67.47,10.23,70.5929
2020/06/26,68.53,86.18,0.76,67.44,10.28,70.5929
2020/06/27,68.45,86.09,0.76,67.41,10.33,70.5929
2020/06/28,68.36,86.01,0.76,67.38,10.37,70.5929
2020/06/29,68.28,85.93,0.76,67.35,10.42,70.5929
2020/06/30,68.2,85.85,0.76,67.31,10.45,70.5929
2020/07/01,68.13,85.78,0.76,67.28,10.49,70.5929
2020/07/02,68.05,85.7,0.77,67.25,10.52,70.5929
2020/07/03,67.98,85.64,0.77,67.22,10.55,70.5929
2020/07/04,67.92,85.57,0.77,67.19,10.58,70.5929
2020/07/05,67.85,85.51,0.77,67.16,10.6,70.5929
2020/07/06,67.79,85.45,0.77,67.13,10.62,70.5929
2020/07/07,67.73,85.39,0.77,67.1,10.64,70.5929
2020/07/08,67.68,85.33,0.77,67.08,10.65,70.5929
2020/07/09,67.62,85.28,0.77,67.05,10.66,70.5929
2020/07/10,67.57,85.23,0.77,67.03,10.67,70.5929
2020/07/11,67.53,85.19,0.77,67.01,10.68,70.5929
2020/07/12,67.48,85.14,0.77,66.98,10.68,70.5929
2020/07/13,67.44,85.1,0.77,66.96,10.67,70.5929
2020/07/14,67.4,85.06,0.77,66.94,10.67,70.5929
2020/07/15,67.36,85.03,0.77,66.93,10.66,70.5929
2020/07/16,67.33,85.0,0.77,66.91,10.65,70.5929
2020/07/17,67.3,84.97,0.77,66.9,10.63,70.5929
2020/07/18,67.27,84.94,0.78,66.88,10.61,70.5929
2020/07/19,67.25,84.91,0.78,66.87,10.59,70.5929
2020/07/20,67.22,84.89,0.78,66.86,10.57,70.5929
2020/07/21,67.2,84.87,0.78,66.85,10.54,70.5929
2020/07/22,67.18,84.85,0.78,66.84,10.51,70.5929
2020/07/23,67.17,84.84,0.78,66.83,10.48,70.5929
2020/07/24,67.15,84.83,0.78,66.83,10.44,70.5929
2020/07/25,67.14,84.82,0.78,66.83,10.4,70.5929
2020/07/26,67.13,84.81,0.78,66.82,10.36,70.5929
2020/07/27,67.12,84.8,0.78,66.82,10.31,70.5929
2020/07/28,67.12,84.8,0.78,66.83,10.27,70.5929
2020/07/29,67.12,84.79,0.78,66.83,10.22,75.0625
2020/07/30,67.12,84.79,0.78,66.83,10.16,75.0625
2020/07/31,67.12,84.79,0.78,66.84,10.11,75.0625
2020/08/01,67.12,84.8,0.78,66.84,10.05,75.0625
2020/08/02,67.12,84.8,0.78,66.85,9.99,75.0625
2020/08/03,67.13,84.81,0.78,66.86,9.93,75.0625
2020/08/04,67.13,84.81,0.78,66.87,9.87,75.0625
2020/08/05,67.14,84.82,0.78,66.88,9.8,75.0625
2020/08/06,67.15,84.83,0.78,66.9,9.73,75.0625
2020/08/07,67.16,84.85,0.78,66.91,9.66,75.0625
2020/08/08,67.18,84.86,0.78,66.93,9.59,75.0625
2020/08/09,67.19,84.87,0.78,66.94,9.52,75.0625
2020/08/10,67.2,84.89,0.78,66.96,9.44,75.0625
2020/08/11,67.22,84.9,0.78,66.97,9.37,75.0625
2020/08/12,67.24,84.92,0.78,66.99,9.29,75.0625
2020/08/13,67.25,84.94,0.78,67.01,9.21,75.0625
2020/08/14,67.27,84.96,0.78,67.03,9.13,75.0625
2020/08/15,67.29,84.97,0.78,67.05,9.05,75.0625
2020/08/16,67.31,84.99,0.78,67.07,8.97,75.0625
2020/08/17,67.33,85.01,0.78,67.09,8.89,75.0625
2020/08/18,67.35,85.03,0.78,67.11,8.8,75.0625
2020/08/19,67.37,85.05,0.78,67.13,8.72,75.0625
2020/08/20,67.39,85.07,0.78,67.15,8.63,75.0625
2020/08/21,67.41,85.09,0.78,67.17,8.55,75.0625
2020/08/22,67.43,85.11,0.78,67.18,8.46,75.0625
2020/08/23,67.45,85.13,0.78,67.2,8.38,75.0625
2020/08/24,67.47,85.15,0.78,67.22,8.29,75.0625
2020/08/25,67.49,85.17,0.78,67.24,8.21,75.0625
2020/08/26,67.51,85.19,0.78,67.26,8.12,75.0625
2020/08/27,67.53,85.21,0.78,67.28,8.03,75.0625
2020/08/28,67.55,85.23,0.78,67.29,7.95,75.0625
2020/08/29,67.56,85.25,0.78,67.31,7.86,75.0625
2020/08/30,67.58,85.27,0.78,67.32,7.78,75.0625
2020/08/31,67.6,85.28,0.78,67.33,7.69,75.0625
2020/09/01,67.62,85.3,0.78,67.35,7.61,75.0625
2020/09/02,67.63,85.31,0.78,67.36,7.53,75.0625
2020/09/03,67.65,85.33,0.78,67.37,7.45,75.0625
2020/09/04,67.66,85.34,0.78,67.38,7.36,75.0625
2020/09/05,67.67,85.35,0.78,67.38,7.28,75.0625
2020/09/06,67.69,85.37,0.78,67.39,7.2,75.0625
2020/09/07,67.7,85.38,0.78,67.39,7.12,75.0625
2020/09/08,67.71,85.39,0.78,67.39,7.05,75.0625
2020/09/09,67.71,85.39,0.78,67.4,6.97,75.0625
2020/09/10,67.72,85.4,0.78,67.39,6.9,75.0625
2020/09/11,67.73,85.41,0.78,67.39,6.82,75.0625
2020/09/12,67.73,85.41,0.78,67.39,6.75,75.0625
2020/09/13,67.74,85.41,0.78,67.38,6.68,75.0625
2020/09/14,67.74,85.41,0.78,67.37,6.61,75.0625
2020/09/15,67.74,85.41,0.78,67.36,6.54,75.0625
2020/09/16,67.74,85.41,0.78,67.35,6.47,75.0625
2020/09/17,67.73,85.41,0.77,67.33,6.41,75.0625
2020/09/18,67.73,85.4,0.77,67.31,6.34,75.0625
2020/09/19,67.72,85.4,0.77,67.3,6.28,75.0625
2020/09/20,67.72,85.39,0.77,67.27,6.22,75.0625
2020/09/21,67.71,85.38,0.77,67.25,6.16,75.0625
2020/09/22,67.7,85.36,0.77,67.22,6.11,75.0625
2020/09/23,67.68,85.35,0.77,67.2,6.05,75.0625
2020/09/24,67.67,85.34,0.77,67.16,6.0,75.0625
2020/09/25,67.65,85.32,0.77,67.13,5.95,75.0625
2020/09/26,67.63,85.3,0.77,67.1,5.9,75.0625
2020/09/27,67.61,85.28,0.77,67.06,5.85,75.0625
2020/09/28,67.59,85.26,0.77,67.02,5.8,75.0625
2020/09/29,67.57,85.23,0.77,66.98,5.76,75.0625
2020/09/30,67.54,85.2,0.77,66.93,5.71,75.0625
2020/10/01,67.52,85.18,0.77,66.89,5.67,75.0625
2020/10/02,67.49,85.15,0.77,66.84,5.63,75.0625
2020/10/03,67.46,85.11,0.77,66.78,5.59,75.0625
2020/10/04,67.42,85.08,0.77,66.73,5.55,75.0625
2020/10/05,67.39,85.04,0.77,66.67,5.52,75.0625
2020/10/06,67.35,85.01,0.77,66.61,5.49,75.0625
2020/10/07,67.31,84.97,0.77,66.55,5.45,75.0625
2020/10/08,67.27,84.93,0.77,66.48,5.42,75.0625
2020/10/09,67.23,84.88,0.76,66.42,5.39,75.0625
2020/10/10,67.19,84.84,0.76,66.35,5.37,75.0625
2020/10/11,67.14,84.79,0.76,66.28,5.34,75.0625
2020/10/12,67.09,84.74,0.76,66.2,5.32,75.0625
2020/10/13,67.04,84.69,0.76,66.13,5.29,75.0625
2020/10/14,66.99,84.64,0.76,66.05,5.27,75.0625
2020/10/15,66.94,84.59,0.76,65.97,5.25,75.0625
2020/10/16,66.88,84.53,0.76,65.89,5.23,75.0625
2020/10/17,66.83,84.47,0.76,65.81,5.21,75.0625
2020/10/18,66.77,84.42,0.76,65.73,5.19,75.0625
2020/10/19,66.71,84.35,0.76,65.64,5.18,75.0625
2020/10/20,66.65,84.29,0.76,65.55,5.16,75.0625
2020/10/21,66.58,84.23,0.76,65.47,5.15,75.0625
2020/10/22,66.52,84.16,0.76,65.38,5.13,75.0625
2020/10/23,66.45,84.1,0.76,65.29,5.12,75.0625
2020/10/24,66.39,84.03,0.75,65.19,5.11,75.0625
2020/10/25,66.32,83.96,0.75,65.1,5.1,75.0625
2020/10/26,66.25,83.89,0.75,65.0,5.09,75.0625
2020/10/27,66.17,83.82,0.75,64.91,5.08,75.0625
2020/10/28,66.1,83.74,0.75,64.81,5.07,75.0625
2020/10/29,66.03,83.67,0.75,64.71,5.06,75.0625
2020/10/30,65.95,83.59,0.75,64.61,5.05,75.0625
2020/10/31,65.87,83.51,0.75,64.51,5.04,75.0625
2020/11/01,65.8,83.44,0.75,64.41,5.03,75.0625
2020/11/02,65.72,83.36,0.75,64.31,5.03,75.0625
2020/11/03,65.64,83.28,0.75,64.21,5.02,75.0625
2020/11/04,65.56,83.19,0.75,64.11,5.01,75.0625
2020/11/05,65.48,83.11,0.75,64.0,5.01,75.0625
2020/11/06,65.39,83.03,0.75,63.9,5.0,75.0625
2020/11/07,65.31,82.95,0.75,63.8,5.0,75.0625
2020/11/08,65.23,82.86,0.75,63.69,4.99,75.0625
2020/11/09,65.14,82.78,0.74,63.58,4.99,75.0625
2020/11/10,65.06,82.69,0.74,63.48,4.98,75.0625
2020/11/11,64.97,82.61,0.74,63.37,4.98,75.0625
2020/11/12,64.88,82.52,0.74,63.26,4.97,75.0625
2020/11/13,64.8,82.43,0.74,63.16,4.97,75.0625
2020/11/14,64.71,82.35,0.74,63.05,4.96,75.0625
2020/11/15,64.62,82.26,0.74,62.94,4.96,75.0625
2020/11/16,64.54,82.17,0.74,62.83,4.95,75.0625
2020/11/17,64.45,82.08,0.74,62.73,4.95,75.0625
2020/11/18,64.36,82.0,0.74,62.62,4.94,75.0625
2020/11/19,64.28,81.91,0.74,62.51,4.94,75.0625
2020/11/20,64.19,81.83,0.74,62.4,4.93,75.0625
2020/11/21,64.1,81.74,0.74,62.29,4.93,75.0625
2020/11/22,64.02,81.65,0.74,62.18,4.92,75.0625
2020/11/23,63.93,81.57,0.74,62.08,4.92,75.0625
2020/11/24,63.85,81.48,0.74,61.97,4.91,75.0625
2020/11/25,63.76,81.4,0.73,61.86,4.9,75.0625
2020/11/26,63.68,81.32,0.73,61.75,4.9,75.0625
2020/11/27,63.6,81.24,0.73,61.64,4.89,75.0625
2020/11/28,63.51,81.15,0.73,61.53,4.89,75.0625
2020/11/29,63.43,81.07,0.73,61.42,4.88,75.0625
2020/11/30,63.35,81.0,0.73,61.31,4.88,75.0625
2020/12/01,63.28,80.92,0.73,61.21,4.87,75.0625
2020/12/02,63.2,80.84,0.73,61.1,4.86,75.0625
2020/12/03,63.12,80.77,0.73,60.99,4.86,75.0625
2020/12/04,63.05,80.7,0.73,60.88,4.85,75.0625
2020/12/05,62.98,80.62,0.73,60.77,4.85,75.0625
2020/12/06,62.91,80.55,0.72,60.66,4.84,75.0625
2020/12/07,62.84,80.49,0.72,60.55,4.83,75.0625
2020/12/08,62.77,80.42,0.72,60.44,4.83,75.0625
2020/12/09,62.71,80.36,0.72,60.33,4.82,75.0625
2020/12/10,62.65,80.3,0.72,60.22,4.82,75.0625
2020/12/11,62.59,80.24,0.72,60.11,4.81,75.0625
2020/12/12,62.53,80.18,0.72,60.0,4.81,75.0625
2020/12/13,62.48,80.13,0.72,59.89,4.8,75.0625
2020/12/14,62.42,80.08,0.71,59.78,4.8,75.0625
2020/12/15,62.37,80.03,0.71,59.67,4.8,75.0625
2020/12/16,62.33,79.98,0.71,59.56,4.79,75.0625
2020/12/17,62.28,79.94,0.71,59.45,4.79,75.0625
2020/12/18,62.24,79.9,0.71,59.34,4.78,75.0625
2020/12/19,62.2,79.87,0.71,59.23,4.78,75.0625
2020/12/20,62.17,79.83,0.7,59.12,4.78,75.0625
2020/12/21,62.14,79.8,0.7,59.0,4.78,75.0625
2020/12/22,62.11,79.78,0.7,58.89,4.77,75.0625
2020/12/23,62.08,79.75,0.7,58.78,4.77,75.0625
2020/12/24,62.06,79.73,0.7,58.67,4.77,75.0625
2020/12/25,62.05,79.72,0.69,58.55,4.77,75.0625
2020/12/26,62.03,79.71,0.69,58.44,4.77,75.0625
2020/12/27,62.02,79.7,0.69,58.33,4.77,75.0625
2020/12/28,62.02,79.69,0.68,58.22,4.77,75.0625
2020/12/29,62.01,79.69,0.68,58.1,4.77,75.0625
2020/12/30,62.02,79.7,0.68,57.99,4.78,75.0625
2020/12/31,62.02,79.7,0.68,57.88,4.78,75.0625
2021/01/01,62.03,79.72,0.67,57.76,4.78,75.0625
2021/01/02,62.05,79.73,0.67,57.65,4.78,75.0625
2021/01/03,62.07,79.75,0.67,57.54,4.79,75.0625
2021/01/04,62.09,79.78,0.66,57.43,4.79,75.0625
2021/01/05,62.12,79.81,0.66,57.31,4.8,75.0625
2021/01/06,62.15,79.84,0.66,57.2,4.8,75.0625
2021/01/07,62.18,79.88,0.65,57.09,4.81,75.0625
2021/01/08,62.23,79.92,0.65,56.98,4.81,75.0625
2021/01/09,62.27,79.97,0.65,56.87,4.82,75.0625
2021/01/10,62.32,80.02,0.64,56.76,4.83,75.0625
2021/01/11,62.38,80.08,0.64,56.65,4.83,75.0625
2021/01/12,62.43,80.14,0.64,56.54,4.84,75.0625
2021/01/13,62.5,80.2,0.63,56.43,4.85,75.0625
2021/01/14,62.57,80.27,0.63,56.32,4.86,75.0625
2021/01/15,62.64,80.35,0.62,56.22,4.87,75.0625
2021/01/16,62.72,80.43,0.62,56.11,4.88,75.0625
2021/01/17,62.8,80.51,0.62,56.01,4.89,75.0625
2021/01/18,62.89,80.6,0.61,55.91,4.89,75.0625
2021/01/19,62.98,80.69,0.61,55.81,4.9,75.0625
2021/01/20,63.07,80.79,0.6,55.71,4.91,75.0625
2021/01/21,63.18,80.89,0.6,55.61,4.92,75.0625
2021/01/22,63.28,81.0,0.59,55.51,4.94,75.0625
2021/01/23,63.39,81.11,0.59,55.42,4.95,75.0625
2021/01/24,63.5,81.23,0.59,55.33,4.96,75.0625
2021/01/25,63.62,81.35,0.58,55.24,4.97,75.0625
2021/01/26,63.74,81.47,0.58,55.15,4.98,75.0625
2021/01/27,63.87,81.6,0.57,55.07,4.99,75.0625
2021/01/28,64.0,81.73,0.57,54.99,5.0,75.0625
2021/01/29,64.14,81.87,0.57,54.91,5.01,75.0625
2021/01/30,64.28,82.01,0.56,54.83,5.02,75.0625
2021/01/31,64.42,82.15,0.56,54.76,5.03,75.0625
2021/02/01,64.56,82.3,0.55,54.69,5.04,75.0625
2021/02/02,64.71,82.45,0.55,54.62,5.05,75.0625
2021/02/03,64.87,82.61,0.54,54.56,5.06,75.0625
2021/02/04,65.03,82.76,0.54,54.5,5.07,75.0625
2021/02/05,65.19,82.93,0.54,54.44,5.07,75.0625
2021/02/06,65.35,83.09,0.53,54.39,5.08,75.0625
2021/02/07,65.52,83.26,0.53,54.34,5.09,75.0625
2021/02/08,65.69,83.43,0.52,54.3,5.1,75.0625
2021/02/09,65.86,83.6,0.52,54.26,5.1,75.0625
2021/02/10,66.03,83.78,0.52,54.22,5.11,75.0625
2021/02/11,66.21,83.96,0.51,54.19,5.12,75.0625
2021/02/12,66.39,84.14,0.51,54.16,5.12,75.0625
2021/02/13,66.57,84.32,0.51,54.14,5.13,75.0625
2021/02/14,66.76,84.51,0.5,54.12,5.13,75.0625
2021/02/15,66.95,84.69,0.5,54.11,5.13,75.0625
2021/02/16,67.13,84.88,0.5,54.1,5.14,75.0625
2021/02/17,67.32,85.07,0.49,54.1,5.14,75.0625
2021/02/18,67.51,85.27,0.49,54.1,5.14,75.0625
2021/02/19,67.71,85.46,0.49,54.11,5.14,75.0625
2021/02/20,67.9,85.65,0.48,54.12,5.14,75.0625
2021/02/21,68.09,85.85,0.48,54.14,5.14,75.0625
2021/02/22,68.29,86.04,0.48,54.16,5.14,75.0625
2021/02/23,68.48,86.24,0.48,54.19,5.14,75.0625
2021/02/24,68.68,86.43,0.47,54.23,5.14,75.0625
2021/02/25,68.88,86.63,0.47,54.27,5.13,75.0625
2021/02/26,69.07,86.82,0.47,54.31,5.13,75.0625
2021/02/27,69.27,87.02,0.47,54.36,5.13,75.0625
2021/02/28,69.46,87.21,0.46,54.42,5.12,75.0625
2021/03/01,69.66,87.41,0.46,54.48,5.12,75.0625
2021/03/02,69.85,87.6,0.46,54.55,5.11,75.0625
2021/03/03,70.04,87.8,0.46,54.62,5.11,75.0625
2021/03/04,70.24,87.99,0.46,54.7,5.1,75.0625
2021/03/05,70.43,88.18,0.46,54.78,5.09,75.0625
2021/03/06,70.61,88.36,0.45,54.87,5.09,75.0625
2021/03/07,70.8,88.55,0.45,54.96,5.08,75.0625
2021/03/08,70.99,88.73,0.45,55.06,5.07,75.0625
2021/03/09,71.17,88.92,0.45,55.17,5.06,75.0625
2021/03/10,71.35,89.1,0.45,55.28,5.06,75.0625
2021/03/11,71.53,89.27,0.45,55.39,5.05,75.0625
2021/03/12,71.7,89.45,0.45,55.51,5.04,75.0625
2021/03/13,71.88,89.62,0.45,55.64,5.03,75.0625
2021/03/14,72.05,89.79,0.45,55.77,5.02,75.0625
2021/03/15,72.21,89.95,0.45,55.9,5.01,75.0625
2021/03/16,72.38,90.12,0.45,56.04,5.0,75.0625
2021/03/17,72.54,90.28,0.45,56.19,5.0,75.0625
2021/03/18,72.69,90.43,0.45,56.33,4.99,75.0625
2021/03/19,72.85,90.58,0.45,56.49,4.98,75.0625
2021/03/20,72.99,90.73,0.45,56.64,4.97,75.0625
2021/03/21,73.14,90.87,0.45,56.8,4.97,75.0625
2021/03/22,73.28,91.01,0.45,56.97,4.96,75.0625
2021/03/23,73.42,91.15,0.45,57.13,4.96,75.0625
2021/03/24,73.55,91.28,0.45,57.31,4.95,75.0625
2021/03/25,73.68,91.4,0.45,57.48,4.95,75.0625
2021/03/26,73.8,91.52,0.45,57.66,4.94,75.0625
2021/03/27,73.92,91.64,0.45,57.84,4.94,75.0625
2021/03/28,74.03,91.75,0.45,58.02,4.94,75.0625
2021/03/29,74.14,91.86,0.46,58.21,4.94,75.0625
2021/03/30,74.24,91.96,0.46,58.4,4.94,75.0625
2021/03/31,74.34,92.06,0.46,58.59,4.94,75.0625
2021/04/01,74.44,92.15,0.46,58.78,4.94,75.0625
2021/04/02,74.52,92.23,0.46,58.97,4.95,75.0625
2021/04/03,74.61,92.31,0.46,59.17,4.95,75.0625
2021/04/04,74.68,92.39,0.47,59.37,4.96,75.0625
2021/04/05,74.76,92.46,0.47,59.57,4.97,75.0625
2021/04/06,74.82,92.53,0.47,59.77,4.98,75.0625
2021/04/07,74.88,92.58,0.47,59.97,4.99,75.0625
2021/04/08,74.94,92.64,0.48,60.17,5.0,75.0625
2021/04/09,74.99,92.69,0.48,60.37,5.01,75.0625
2021/04/10,75.04,92.73,0.48,60.57,5.03,75.0625
2021/04/11,75.08,92.77,0.48,60.77,5.05,75.0625
2021/04/12,75.11,92.8,0.49,60.98,5.07,75.0625
2021/04/13,75.14,92.82,0.49,61.18,5.09,75.0625
2021/04/14,75.16,92.85,0.49,61.38,5.11,75.0625
2021/04/15,75.18,92.86,0.5,61.58,5.14,75.0625
2021/04/16,75.19,92.87,0.5,61.78,5.17,75.0625
2021/04/17,75.2,92.88,0.5,61.97,5.2,75.0625
2021/04/18,75.2,92.87,0.51,62.17,5.23,75.0625
2021/04/19,75.19,92.87,0.51,62.36,5.26,75.0625
2021/04/20,75.19,92.86,0.51,62.56,5.3,75.0625
2021/04/21,75.17,92.84,0.52,62.75,5.33,75.0625
2021/04/22,75.15,92.82,0.52,62.94,5.37,75.0625
2021/04/23,75.13,92.79,0.53,63.12,5.42,75.0625
2021/04/24,75.1,92.76,0.53,63.31,5.46,75.0625
2021/04/25,75.06,92.72,0.53,63.49,5.51,75.0625
2021/04/26,75.02,92.68,0.54,63.67,5.55,75.0625
2021/04/27,74.98,92.64,0.54,63.85,5.61,75.0625
2021/04/28,74.93,92.58,0.55,64.02,5.66,75.0625
2021/04/29,74.88,92.53,0.55,64.19,5.71,75.0625
2021/04/30,74.82,92.47,0.55,64.35,5.77,75.0625
2021/05/01,74.76,92.41,0.56,64.52,5.83,75.0625
2021/05/02,74.69,92.34,0.56,64.68,5.89,75.0625
2021/05/03,74.62,92.26,0.57,64.83,5.95,75.0625
2021/05/04,74.54,92.19,0.57,64.99,6.02,75.0625
2021/05/05,74.46,92.11,0.58,65.13,6.08,75.0625
2021/05/06,74.38,92.02,0.58,65.28,6.15,75.0625
2021/05/07,74.3,91.94,0.59,65.42,6.22,75.0625
2021/05/08,74.21,91.85,0.59,65.56,6.3,75.0625
2021/05/09,74.11,91.75,0.59,65.69,6.37,75.0625
2021/05/10,74.02,91.66,0.6,65.82,6.45,75.0625
2021/05/11,73.92,91.55,0.6,65.94,6.52,75.0625
2021/05/12,73.82,91.45,0.61,66.06,6.6,75.0625
2021/05/13,73.71,91.35,0.61,66.17,6.68,75.0625
2021/05/14,73.6,91.24,0.62,66.29,6.76,75.0625
2021/05/15,73.49,91.13,0.62,66.39,6.85,75.0625
2021/05/16,73.38,91.01,0.63,66.49,6.93,75.0625
2021/05/17,73.27,90.9,0.63,66.59,7.02,75.0625
2021/05/18,73.15,90.78,0.64,66.68,7.1,75.0625
2021/05/19,73.03,90.66,0.64,66.77,7.19,75.0625
2021/05/20,72.91,90.54,0.64,66.86,7.28,75.0625
2021/05/21,72.79,90.42,0.65,66.94,7.37,75.0625
2021/05/22,72.67,90.3,0.65,67.01,7.46,75.0625
2021/05/23,72.54,90.17,0.66,67.08,7.55,75.0625
2021/05/24,72.42,90.05,0.66,67.15,7.64,75.0625
2021/05/25,72.29,89.92,0.67,67.21,7.73,75.0625
2021/05/26,72.16,89.79,0.67,67.27,7.83,75.0625
2021/05/27,72.04,89.66,0.67,67.33,7.92,75.0625
2021/05/28,71.91,89.54,0.68,67.38,8.01,75.0625
2021/05/29,71.78,89.41,0.68,67.42,8.1,75.0625
2021/05/30,71.65,89.28,0.69,67.47,8.2,75.0625
2021/05/31,71.52,89.15,0.69,67.5,8.29,75.0625
2021/06/01,71.39,89.02,0.69,67.54,8.38,75.0625
2021/06/02,71.26,88.89,0.7,67.57,8.47,75.0625
2021/06/03,71.14,88.76,0.7,67.6,8.56,75.0625
2021/06/04,71.01,88.64,0.7,67.62,8.65,75.0625
2021/06/05,70.88,88.51,0.71,67.64,8.74,75.0625
2021/06/06,70.76,88.38,0.71,67.66,8.83,75.0625
2021/06/07,70.63,88.26,0.71,67.68,8.92,75.0625
2021/06/08,70.51,88.13,0.72,67.69,9.01,75.0625
2021/06/09,70.38,88.01,0.72,67.7,9.09,75.0625
2021/06/10,70.26,87.89,0.72,67.7,9.18,75.0625
2021/06/11,70.14,87.77,0.73,67.71,9.26,75.0625
2021/06/12,70.02,87.65,0.73,67.71,9.34,75.0625
2021/06/13,69.9,87.53,0.73,67.7,9.42,75.0625
2021/06/14,69.79,87.42,0.74,67.7,9.5,75.0625
2021/06/15,69.67,87.3,0.74,67.69,9.57,75.0625
2021/06/16,69.56,87.19,0.74,67.69,9.65,75.0625
2021/06/17,69.45,87.08,0.74,67.67,9.72,75.0625
2021/06/18,69.34,86.98,0.74,67.65,9.79,75.0625
2021/06/19,69.23,86.87,0.75,67.63,9.86,75.0625
2021/06/20,69.13,86.77,0.75,67.61,9.93,75.0625
2021/06/21,69.03,86.67,0.75,67.58,9.99,75.0625
2021/06/22,68.93,86.57,0.75,67.56,10.05,75.0625
2021/06/23,68.83,86.47,0.75,67.54,10.11,75.0625
2021/06/24,68.74,86.38,0.76,67.51,10.17,75.0625
2021/06/25,68.64,86.29,0.76,67.48,10.22,75.0625
2021/06/26,68.55,86.2,0.76,67.45,10.27,75.0625
2021/06/27,68.47,86.11,0.76,67.42,10.32,75.0625
2021/06/28,68.38,86.03,0.76,67.39,10.36,75.0625
2021/06/29,68.3,85.95,0.76,67.35,10.41,75.0625
2021/06/30,68.22,85.87,0.76,67.32,10.45,75.0625
2021/07/01,68.14,85.79,0.76,67.29,10.48,75.0625
2021/07/02,68.07,85.72,0.77,67.26,10.52,75.0625
2021/07/03,68.0,85.65,0.77,67.23,10.55,75.0625
2021/07/04,67.93,85.59,0.77,67.2,10.57,75.0625
2021/07/05,67.87,85.52,0.77,67.17,10.6,75.0625
2021/07/06,67.81,85.46,0.77,67.14,10.62,75.0625
2021/07/07,67.75,85.4,0.77,67.11,10.64,75.0625
2021/07/08,67.69,85.35,0.77,67.08,10.65,75.0625
2021/07/09,67.64,85.29,0.77,67.06,10.66,75.0625
2021/07/10,67.59,85.24,0.77,67.03,10.67,75.0625
2021/07/11,67.54,85.2,0.77,67.01,10.67,75.0625
2021/07/12,67.49,85.15,0.77,66.99,10.68,75.0625
2021/07/13,67.45,85.11,0.77,66.97,10.67,75.0625
2021/07/14,67.41,85.07,0.77,66.95,10.67,75.0625
2021/07/15,67.37,85.04,0.77,66.93,10.66,75.0625
2021/07/16,67.34,85.0,0.77,66.91,10.65,75.0625
2021/07/17,67.31,84.97,0.77,66.9,10.64,75.0625
2021/07/18,67.28,84.95,0.78,66.88,10.62,75.0625
2021/07/19,67.25,84.92,0.78,66.87,10.6,75.0625
2021/07/20,67.23,84.9,0.78,66.86,10.57,75.0625
2021/07/21,67.21,84.88,0.78,66.85,10.55,75.0625
2021/07/22,67.19,84.86,0.78,66.84,10.52,75.0625
2021/07/23,67.17,84.84,0.78,66.84,10.48,75.0625
2021/07/24,67.16,84.83,0.78,66.83,10.45,75.0625
2021/07/25,67.14,84.82,0.78,66.83,10.41,75.0625
2021/07/26,67.13,84.81,0.78,66.82,10.37,75.0625
2021/07/27,67.13,84.8,0.78,66.82,10.33,75.0625
2021/07/28,67.12,84.8,0.78,66.82,10.28,75.0625
2021/07/29,67.12,84.79,0.78,66.83,10.23,75.0625
2021/07/30,67.12,84.79,0.78,66.83,10.18,75.0625
2021/07/31,67.12,84.79,0.78,66.84,10.12,75.0625
2021/08/01,67.12,84.8,0.78,66.84,10.07,75.0625
2021/08/02,67.12,84.8,0.78,66.85,10.01,75.0625
2021/08/03,67.13,84.81,0.78,66.86,9.95,75.0625
2021/08/04,67.13,84.81,0.78,66.87,9.88,75.0625
2021/08/05,67.14,84.82,0.78,66.88,9.82,75.0625
2021/08/06,67.15,84.83,0.78,66.89,9.75,75.0625
2021/08/07,67.16,84.84,0.78,66.91,9.68,75.0625
2021/08/08,67.17,84.86,0.78,66.92,9.61,75.0625
2021/08/09,67.19,84.87,0.78,66.94,9.54,75.0625
2021/08/10,67.2,84.88,0.78,66.95,9.46,75.0625
2021/08/11,67.22,84.9,0.78,66.97,9.39,75.0625
2021/08/12,67.23,84.92,0.78,66.99,9.31,75.0625
2021/08/13,67.25,84.93,0.78,67.01,9.23,75.0625
2021/08/14,67.27,84.95,0.78,67.02,9.15,75.0625
2021/08/15,67.28,84.97,0.78,67.04,9.07,75.0625
2021/08/16,67.3,84.99,0.78,67.06,8.99,75.0625
2021/08/17,67.32,85.01,0.78,67.08,8.91,75.0625
2021/08/18,67.34,85.03,0.78,67.1,8.82,75.0625
2021/08/19,67.36,85.05,0.78,67.12,8.74,75.0625
2021/08/20,67.38,85.07,0.78,67.14,8.65,75.0625
2021/08/21,67.4,85.09,0.78,67.16,8.57,75.0625
2021/08/22,67.42,85.11,0.78,67.18,8.48,75.0625
2021/08/23,67.44,85.13,0.78,67.2,8.4,75.0625
2021/08/24,67.46,85.15,0.78,67.22,8.31,75.0625
2021/08/25,67.48,85.17,0.78,67.24,8.23,75.0625
2021/08/26,67.5,85.19,0.78,67.25,8.14,75.0625
2021/08/27,67.52,85.21,0.78,67.27,8.05,75.0625
2021/08/28,67.54,85.23,0.78,67.29,7.97,75.0625
2021/08/29,67.56,85.24,0.78,67.3,7.88,75.0625
2021/08/30,67.58,85.26,0.78,67.32,7.8,75.0625
2021/08/31,67.6,85.28,0.78,67.33,7.71,75.0625
2021/09/01,67.61,85.3,0.78,67.34,7.63,75.0625
2021/09/02,67.63,85.31,0.78,67.36,7.55,75.0625
2021/09/03,67.64,85.33,0.78,67.37,7.46,75.0625
2021/09/04,67.66,85.34,0.78,67.37,7.38,75.0625
2021/09/05,67.67,85.35,0.78,67.38,7.3,75.0625
2021/09/06,67.68,85.36,0.78,67.39,7.22,75.0625
2021/09/07,67.69,85.37,0.78,67.39,7.14,75.0625
2021/09/08,67.7,85.38,0.78,67.39,7.07,75.0625
2021/09/09,67.71,85.39,0.78,67.4,6.99,75.0625
2021/09/10,67.72,85.4,0.78,67.39,6.91,75.0625
2021/09/11,67.73,85.4,0.78,67.39,6.84,75.0625
2021/09/12,67.73,85.41,0.78,67.39,6.77,75.0625
2021/09/13,67.74,85.41,0.78,67.38,6.7,75.0625
2021/09/14,67.74,85.41,0.78,67.37,6.63,75.0625
2021/09/15,67.74,85.41,0.78,67.36,6.56,75.0625
2021/09/16,67.74,85.41,0.78,67.35,6.49,75.0625
2021/09/17,67.73,85.41,0.78,67.34,6.42,75.0625
2021/09/18,67.73,85.4,0.77,67.32,6.36,75.0625
2021/09/19,67.73,85.4,0.77,67.3,6.3,75.0625
2021/09/20,67.72,85.39,0.77,67.28,6.24,75.0625
2021/09/21,67.71,85.38,0.77,67.26,6.18,75.0625
2021/09/22,67.7,85.37,0.77,67.23,6.12,75.0625
2021/09/23,67.69,85.35,0.77,67.2,6.06,75.0625
2021/09/24,67.67,85.34,0.77,67.17,6.01,75.0625
2021/09/25,67.66,85.32,0.77,67.14,5.96,75.0625
2021/09/26,67.64,85.3,0.77,67.11,5.91,75.0625
2021/09/27,67.62,85.28,0.77,67.07,5.86,75.0625
2021/09/28,67.6,85.26,0.77,67.03,5.81,75.0625
2021/09/29,67.57,85.24,0.77,66.99,5.77,75.0625
2021/09/30,67.55,85.21,0.77,66.94,5.72,75.0625
2021/10/01,67.52,85.18,0.77,66.9,5.68,75.0625
2021/10/02,67.49,85.15,0.77,66.85,5.64,75.0625
2021/10/03,67.46,85.12,0.77,66.8,5.6,75.0625
2021/10/04,67.43,85.09,0.77,66.74,5.56,75.0625
2021/10/05,67.4,85.05,0.77,66.69,5.53,75.0625
2021/10/06,67.36,85.02,0.77,66.63,5.49,75.0625
2021/10/07,67.32,84.98,0.77,66.57,5.46,75.0625
2021/10/08,67.28,84.94,0.77,66.5,5.43,75.0625
2021/10/09,67.24,84.89,0.76,66.43,5.4,75.0625
2021/10/10,67.2,84.85,0.76,66.37,5.37,75.0625
2021/10/11,67.15,84.8,0.76,66.3,5.35,75.0625
2021/10/12,67.1,84.76,0.76,66.22,5.32,75.0625
2021/10/13,67.05,84.71,0.76,66.15,5.3,75.0625
2021/10/14,67.0,84.65,0.76,66.07,5.27,75.0625
2021/10/15,66.95,84.6,0.76,65.99,5.25,75.0625
2021/10/16,66.9,84.54,0.76,65.91,5.23,75.0625
2021/10/17,66.84,84.49,0.76,65.83,5.21,75.0625
2021/10/18,66.78,84.43,0.76,65.75,5.2,75.0625
2021/10/19,66.72,84.37,0.76,65.66,5.18,75.0625
2021/10/20,66.66,84.31,0.76,65.58,5.16,75.0625
2021/10/21,66.6,84.24,0.76,65.49,5.15,75.0625
2021/10/22,66.54,84.18,0.76,65.4,5.14,75.0625
2021/10/23,66.47,84.11,0.76,65.31,5.12,75.0625
2021/10/24,66.4,84.04,0.75,65.22,5.11,75.0625
2021/10/25,66.33,83.98,0.75,65.12,5.1,75.0625
2021/10/26,66.26,83.9,0.75,65.03,5.09,75.0625
2021/10/27,66.19,83.83,0.75,64.93,5.08,75.0625
2021/10/28,66.12,83.76,0.75,64.83,5.07,75.0625
2021/10/29,66.05,83.68,0.75,64.74,5.06,75.0625
2021/10/30,65.97,83.61,0.75,64.64,5.05,75.0625
2021/10/31,65.89,83.53,0.75,64.54,5.04,75.0625
2021/11/01,65.82,83.45,0.75,64.44,5.04,75.0625
2021/11/02,65.74,83.38,0.75,64.34,5.03,75.0625
2021/11/03,65.66,83.29,0.75,64.23,5.02,75.0625
2021/11/04,65.58,83.21,0.75,64.13,5.02,75.0625
2021/11/05,65.49,83.13,0.75,64.03,5.01,75.0625
2021/11/06,65.41,83.05,0.75,63.92,5.0,75.0625
2021/11/07,65.33,82.97,0.75,63.82,5.0,75.0625
2021/11/08,65.25,82.88,0.75,63.72,4.99,75.0625
2021/11/09,65.16,82.8,0.74,63.61,4.99,75.0625
2021/11/10,65.08,82.71,0.74,63.5,4.98,75.0625
2021/11/11,64.99,82.63,0.74,63.4,4.98,75.0625
2021/11/12,64.9,82.54,0.74,63.29,4.97,75.0625
2021/11/13,64.82,82.45,0.74,63.18,4.97,75.0625
2021/11/14,64.73,82.37,0.74,63.08,4.96,75.0625
2021/11/15,64.64,82.28,0.74,62.97,4.96,75.0625
2021/11/16,64.56,82.19,0.74,62.86,4.95,75.0625
2021/11/17,64.47,82.11,0.74,62.75,4.95,75.0625
2021/11/18,64.38,82.02,0.74,62.64,4.94,75.0625
2021/11/19,64.3,81.93,0.74,62.54,4.94,75.0625
2021/11/20,64.21,81.85,0.74,62.43,4.93,75.0625
2021/11/21,64.12,81.76,0.74,62.32,4.93,75.0625
2021/11/22,64.04,81.67,0.74,62.21,4.92,75.0625
2021/11/23,63.95,81.59,0.74,62.1,4.92,75.0625
2021/11/24,63.87,81.5,0.74,61.99,4.91,75.0625
2021/11/25,63.78,81.42,0.73,61.89,4.91,75.0625
2021/11/26,63.7,81.34,0.73,61.78,4.9,75.0625
2021/11/27,63.62,81.26,0.73,61.67,4.89,75.0625
2021/11/28,63.53,81.17,0.73,61.56,4.89,75.0625
2021/11/29,63.45,81.09,0.73,61.45,4.88,75.0625
2021/11/30,63.37,81.01,0.73,61.34,4.88,75.0625
2021/12/01,63.3,80.94,0.73,61.23,4.87,75.0625
2021/12/02,63.22,80.86,0.73,61.12,4.87,75.0625
2021/12/03,63.14,80.79,0.73,61.01,4.86,75.0625
2021/12/04,63.07,80.71,0.73,60.9,4.85,75.0625
2021/12/05,63.0,80.64,0.73,60.8,4.85,75.0625
2021/12/06,62.93,80.57,0.73,60.69,4.84,75.0625
2021/12/07,62.86,80.5,0.72,60.58,4.84,75.0625
2021/12/08,62.79,80.44,0.72,60.47,4.83,75.0625
2021/12/09,62.73,80.37,0.72,60.36,4.83,75.0625
2021/12/10,62.66,80.31,0.72,60.25,4.82,75.0625
2021/12/11,62.6,80.25,0.72,60.14,4.81,75.0625
2021/12/12,62.54,80.2,0.72,60.03,4.81,75.0625
2021/12/13,62.49,80.14,0.72,59.92,4.81,75.0625
2021/12/14,62.44,80.09,0.71,59.81,4.8,75.0625
2021/12/15,62.38,80.04,0.71,59.7,4.8,75.0625
2021/12/16,62.34,79.99,0.71,59.59,4.79,75.0625
2021/12/17,62.29,79.95,0.71,59.48,4.79,75.0625
2021/12/18,62.25,79.91,0.71,59.37,4.79,75.0625
2021/12/19,62.21,79.87,0.71,59.25,4.78,75.0625
2021/12/20,62.18,79.84,0.7,59.14,4.78,75.0625
2021/12/21,62.14,79.81,0.7,59.03,4.78,75.0625
2021/12/22,62.12,79.78,0.7,58.92,4.78,75.0625
2021/12/23,62.09,79.76,0.7,58.81,4.77,75.0625
2021/12/24,62.07,79.74,0.7,58.69,4.77,75.0625
2021/12/25,62.05,79.72,0.69,58.58,4.77,75.0625
2021/12/26,62.04,79.71,0.69,58.47,4.77,75.0625
2021/12/27,62.02,79.7,0.69,58.36,4.77,75.0625
2021/12/28,62.02,79.69,0.69,58.24,4.77,75.0625
2021/12/29,62.01,79.69,0.68,58.13,4.77,75.0625
2021/12/30,62.02,79.69,0.68,58.02,4.78,75.0625
2021/12/31,62.02,79.7,0.68,57.91,4.78,75.0625
2022/01/01,62.03,79.71,0.67,57.79,4.78,75.0625
2022/01/02,62.04,79.73,0.67,57.68,4.78,75.0625
2022/01/03,62.06,79.75,0.67,57.57,4.79,75.0625
2022/01/04,62.08,79.77,0.66,57.45,4.79,75.0625
2022/01/05,62.11,79.8,0.66,57.34,4.8,75.0625
2022/01/06,62.14,79.83,0.66,57.23,4.8,75.0625
2022/01/07,62.18,79.87,0.65,57.12,4.81,75.0625
2022/01/08,62.22,79.91,0.65,57.01,4.81,75.0625
2022/01/09,62.26,79.96,0.65,56.89,4.82,75.0625
2022/01/10,62.31,80.01,0.64,56.78,4.82,75.0625
2022/01/11,62.36,80.06,0.64,56.67,4.83,75.0625
2022/01/12,62.42,80.12,0.64,56.57,4.84,75.0625
2022/01/13,62.48,80.19,0.63,56.46,4.85,75.0625
2022/01/14,62.55,80.25,0.63,56.35,4.86,75.0625
2022/01/15,62.62,80.33,0.62,56.24,4.86,75.0625
2022/01/16,62.7,80.41,0.62,56.14,4.87,75.0625
2022/01/17,62.78,80.49,0.62,56.03,4.88,75.0625
2022/01/18,62.87,80.58,0.61,55.93,4.89,75.0625
2022/01/19,62.96,80.67,0.61,55.83,4.9,75.0625
2022/01/20,63.05,80.77,0.6,55.73,4.91,75.0625
2022/01/21,63.15,80.87,0.6,55.63,4.92,75.0625
2022/01/22,63.25,80.97,0.6,55.54,4.93,75.0625
2022/01/23,63.36,81.08,0.59,55.44,4.94,75.0625
2022/01/24,63.48,81.2,0.59,55.35,4.95,75.0625
2022/01/25,63.59,81.32,0.58,55.26,4.96,75.0625
2022/01/26,63.71,81.44,0.58,55.17,4.97,75.0625
2022/01/27,63.84,81.57,0.57,55.09,4.98,75.0625
2022/01/28,63.97,81.7,0.57,55.01,5.0,75.0625
2022/01/29,64.1,81.83,0.57,54.93,5.01,75.0625
2022/01/30,64.24,81.97,0.56,54.85,5.02,75.0625
2022/01/31,64.38,82.12,0.56,54.78,5.03,75.0625
2022/02/01,64.53,82.26,0.55,54.7,5.04,75.0625
2022/02/02,64.68,82.41,0.55,54.64,5.04,75.0625
2022/02/03,64.83,82.57,0.55,54.57,5.05,75.0625
2022/02/04,64.99,82.72,0.54,54.51,5.06,75.0625
2022/02/05,65.15,82.89,0.54,54.46,5.07,75.0625
2022/02/06,65.31,83.05,0.53,54.4,5.08,75.0625
2022/02/07,65.48,83.22,0.53,54.35,5.09,75.0625
2022/02/08,65.65,83.39,0.53,54.31,5.09,75.0625
2022/02/09,65.82,83.56,0.52,54.27,5.1,75.0625
2022/02/10,65.99,83.74,0.52,54.23,5.11,75.0625
2022/02/11,66.17,83.91,0.51,54.2,5.11,75.0625
2022/02/12,66.35,84.09,0.51,54.17,5.12,75.0625
2022/02/13,66.53,84.28,0.51,54.15,5.12,75.0625
2022/02/14,66.71,84.46,0.5,54.13,5.13,75.0625
2022/02/15,66.9,84.65,0.5,54.11,5.13,75.0625
2022/02/16,67.09,84.84,0.5,54.1,5.14,75.0625
2022/02/17,67.28,85.03,0.49,54.1,5.14,75.0625
2022/02/18,67.47,85.22,0.49,54.1,5.14,75.0625
2022/02/19,67.66,85.41,0.49,54.11,5.14,75.0625
2022/02/20,67.85,85.6,0.48,54.12,5.14,75.0625
2022/02/21,68.05,85.8,0.48,54.14,5.14,75.0625
2022/02/22,68.24,85.99,0.48,54.16,5.14,75.0625
2022/02/23,68.44,86.19,0.48,54.19,5.14,75.0625
2022/02/24,68.63,86.39,0.47,54.22,5.14,75.0625
2022/02/25,68.83,86.58,0.47,54.26,5.13,75.0625
2022/02/26,69.02,86.78,0.47,54.3,5.13,75.0625
2022/02/27,69.22,86.97,0.47,54.35,5.13,75.0625
2022/02/28,69.42,87.17,0.46,54.4,5.12,75.0625
2022/03/01,69.61,87.36,0.46,54.46,5.12,75.0625
2022/03/02,69.8,87.56,0.46,54.53,5.11,75.0625
2022/03/03,70.0,87.75,0.46,54.6,5.11,75.0625
2022/03/04,70.19,87.94,0.46,54.68,5.1,75.0625
2022/03/05,70.38,88.13,0.46,54.76,5.1,75.0625
2022/03/06,70.57,88.32,0.45,54.85,5.09,75.0625
2022/03/07,70.76,88.51,0.45,54.94,5.08,75.0625
2022/03/08,70.94,88.69,0.45,55.04,5.07,75.0625
2022/03/09,71.12,88.87,0.45,55.14,5.07,75.0625
2022/03/10,71.31,89.05,0.45,55.25,5.06,75.0625
2022/03/11,71.48,89.23,0.45,55.37,5.05,75.0625
2022/03/12,71.66,89.41,0.45,55.48,5.04,75.0625
2022/03/13,71.83,89.58,0.45,55.61,5.03,75.0625
2022/03/14,72.01,89.75,0.45,55.74,5.02,75.0625
2022/03/15,72.17,89.91,0.45,55.87,5.02,75.0625
2022/03/16,72.34,90.08,0.45,56.01,5.01,75.0625
2022/03/17,72.5,90.24,0.45,56.15,5.0,75.0625
2022/03/18,72.66,90.39,0.45,56.3,4.99,75.0625
2022/03/19,72.81,90.55,0.45,56.45,4.98,75.0625
2022/03/20,72.96,90.69,0.45,56.6,4.98,75.0625
2022/03/21,73.1,90.84,0.45,56.76,4.97,75.0625
2022/03/22,73.25,90.98,0.45,56.93,4.96,75.0625
2022/03/23,73.38,91.11,0.45,57.09,4.96,75.0625
2022/03/24,73.52,91.25,0.45,57.26,4.95,75.0625
2022/03/25,73.65,91.37,0.45,57.44,4.95,75.0625
2022/03/26,73.77,91.49,0.45,57.62,4.94,75.0625
2022/03/27,73.89,91.61,0.45,57.79,4.94,75.0625
2022/03/28,74.0,91.72,0.45,57.98,4.94,75.0625
2022/03/29,74.11,91.83,0.46,58.16,4.94,75.0625
2022/03/30,74.22,91.94,0.46,58.35,4.94,75.0625
2022/03/31,74.32,92.03,0.46,58.54,4.94,75.0625
2022/04/01,74.41,92.13,0.46,58.73,4.94,75.0625
2022/04/02,74.5,92.21,0.46,58.93,4.95,75.0625
2022/04/03,74.59,92.3,0.46,59.12,4.95,75.0625
2022/04/04,74.67,92.37,0.47,59.32,4.96,75.0625
2022/04/05,74.74,92.44,0.47,59.52,4.96,75.0625
2022/04/06,74.81,92.51,0.47,59.72,4.97,75.0625
2022/04/07,74.87,92.57,0.47,59.92,4.98,75.0625
2022/04/08,74.93,92.63,0.48,60.12,5.0,75.0625
2022/04/09,74.98,92.68,0.48,60.32,5.01,75.0625
2022/04/10,75.03,92.72,0.48,60.52,5.03,75.0625
2022/04/11,75.07,92.76,0.48,60.73,5.04,75.0625
2022/04/12,75.1,92.79,0.49,60.93,5.06,75.0625
2022/04/13,75.13,92.82,0.49,61.13,5.08,75.0625
2022/04/14,75.16,92.84,0.49,61.33,5.11,75.0625
2022/04/15,75.17,92.86,0.5,61.53,5.13,75.0625
2022/04/16,75.19,92.87,0.5,61.73,5.16,75.0625
2022/04/17,75.2,92.87,0.5,61.93,5.19,75.0625
2022/04/18,75.2,92.88,0.51,62.12,5.22,75.0625
2022/04/19,75.2,92.87,0.51,62.32,5.25,75.0625
2022/04/20,75.19,92.86,0.51,62.51,5.29,75.0625
2022/04/21,75.17,92.84,0.52,62.7,5.32,75.0625
2022/04/22,75.16,92.82,0.52,62.89,5.36,75.0625
2022/04/23,75.13,92.8,0.52,63.08,5.41,75.0625
2022/04/24,75.1,92.77,0.53,63.26,5.45,75.0625
2022/04/25,75.07,92.73,0.53,63.45,5.5,75.0625
2022/04/26,75.03,92.69,0.54,63.63,5.54,75.0625
2022/04/27,74.99,92.65,0.54,63.8,5.59,75.0625
2022/04/28,74.94,92.6,0.55,63.98,5.65,75.0625
2022/04/29,74.89,92.54,0.55,64.15,5.7,75.0625
2022/04/30,74.83,92.48,0.55,64.31,5.76,75.0625
2022/05/01,74.77,92.42,0.56,64.48,5.81,75.0625
2022/05/02,74.7,92.35,0.56,64.64,5.87,75.0625
2022/05/03,74.64,92.28,0.57,64.8,5.94,75.0625
2022/05/04,74.56,92.21,0.57,64.95,6.0,75.0625
2022/05/05,74.48,92.13,0.58,65.1,6.07,75.0625
2022/05/06,74.4,92.05,0.58,65.24,6.14,75.0625
2022/05/07,74.32,91.96,0.58,65.39,6.21,75.0625
2022/05/08,74.23,91.87,0.59,65.52,6.28,75.0625
2022/05/09,74.14,91.78,0.59,65.66,6.35,75.0625
2022/05/10,74.04,91.68,0.6,65.79,6.43,75.0625
2022/05/11,73.94,91.58,0.6,65.91,6.5,75.0625
2022/05/12,73.84,91.48,0.61,66.03,6.58,75.0625
2022/05/13,73.74,91.37,0.61,66.15,6.66,75.0625
2022/05/14,73.63,91.26,0.62,66.26,6.74,75.0625
2022/05/15,73.52,91.15,0.62,66.37,6.83,75.0625
2022/05/16,73.41,91.04,0.63,66.47,6.91,75.0625
2022/05/17,73.3,90.93,0.63,66.57,7.0,75.0625
2022/05/18,73.18,90.81,0.63,66.66,7.08,75.0625
2022/05/19,73.06,90.69,0.64,66.75,7.17,75.0625
2022/05/20,72.94,90.57,0.64,66.84,7.26,75.0625
2022/05/21,72.82,90.45,0.65,66.92,7.35,75.0625
2022/05/22,72.7,90.33,0.65,66.99,7.44,75.0625
2022/05/23,72.57,90.2,0.66,67.07,7.53,75.0625
2022/05/24,72.45,90.08,0.66,67.13,7.62,75.0625
2022/05/25,72.32,89.95,0.66,67.2,7.71,75.0625
2022/05/26,72.2,89.82,0.67,67.26,7.8,75.0625
2022/05/27,72.07,89.69,0.67,67.31,7.9,75.0625
2022/05/28,71.94,89.57,0.68,67.37,7.99,75.0625
2022/05/29,71.81,89.44,0.68,67.41,8.08,75.0625
2022/05/30,71.68,89.31,0.68,67.46,8.17,75.0625
2022/05/31,71.55,89.18,0.69,67.5,8.27,75.0625
2022/06/01,71.42,89.05,0.69,67.53,8.36,75.0625
2022/06/02,71.3,88.92,0.7,67.56,8.45,75.0625
2022/06/03,71.17,88.79,0.7,67.59,8.54,75.0625
2022/06/04,71.04,88.67,0.7,67.62,8.63,75.0625
2022/06/05,70.91,88.54,0.71,67.64,8.72,75.0625
2022/06/06,70.79,88.41,0.71,67.66,8.81,75.0625
2022/06/07,70.66,88.29,0.71,67.67,8.9,75.0625
2022/06/08,70.54,88.16,0.72,67.69,8.99,75.0625
2022/06/09,70.41,88.04,0.72,67.69,9.07,75.0625
2022/06/10,70.29,87.92,0.72,67.7,9.16,75.0625
2022/06/11,70.17,87.8,0.73,67.71,9.24,75.0625
2022/06/12,70.05,87.68,0.73,67.71,9.32,75.0625
2022/06/13,69.93,87.56,0.73,67.71,9.4,75.0625
2022/06/14,69.81,87.45,0.73,67.7,9.48,75.0625
2022/06/15,69.7,87.33,0.74,67.7,9.56,75.0625
2022/06/16,69.59,87.22,0.74,67.69,9.63,75.0625
2022/06/17,69.47,87.11,0.74,67.68,9.7,75.0625
2022/06/18,69.37,87.0,0.74,67.66,9.78,75.0625
2022/06/19,69.26,86.89,0.75,67.64,9.84,75.0625
2022/06/20,69.15,86.79,0.75,67.61,9.91,75.0625
2022/06/21,69.05,86.69,0.75,67.59,9.98,75.0625
2022/06/22,68.95,86.59,0.75,67.57,10.04,75.0625
2022/06/23,68.85,86.49,0.75,67.54,10.1,75.0625
2022/06/24,68.76,86.4,0.76,67.51,10.15,75.0625
2022/06/25,68.66,86.31,0.76,67.48,10.21,75.0625
2022/06/26,68.57,86.22,0.76,67.45,10.26,75.0625
2022/06/27,68.49,86.13,0.76,67.43,10.31,75.0625
2022/06/28,68.4,86.05,0.76,67.39,10.35,75.0625
2022/06/29,68.32,85.97,0.76,67.36,10.4,75.0625
2022/06/30,68.24,85.89,0.76,67.33,10.44,75.0625
2022/07/01,68.16,85.81,0.76,67.3,10.47,75.0625
2022/07/02,68.09,85.74,0.77,67.27,10.51,75.0625
2022/07/03,68.02,85.67,0.77,67.23,10.54,75.0625
2022/07/04,67.95,85.6,0.77,67.2,10.57,75.0625
2022/07/05,67.88,85.54,0.77,67.17,10.59,75.0625
2022/07/06,67.82,85.47,0.77,67.15,10.61,75.0625
2022/07/07,67.76,85.42,0.77,67.12,10.63,75.0625
2022/07/08,67.7,85.36,0.77,67.09,10.65,75.0625
2022/07/09,67.65,85.31,0.77,67.07,10.66,75.0625
2022/07/10,67.6,85.26,0.77,67.04,10.67,75.0625
2022/07/11,67.55,85.21,0.77,67.02,10.67,75.0625
2022/07/12,67.5,85.16,0.77,66.99,10.68,75.0625
2022/07/13,67.46,85.12,0.77,66.97,10.68,75.0625
2022/07/14,67.42,85.08,0.77,66.95,10.67,75.0625
2022/07/15,67.38,85.05,0.77,66.94,10.66,75.0625
2022/07/16,67.35,85.01,0.77,66.92,10.65,75.0625
2022/07/17,67.31,84.98,0.77,66.9,10.64,75.0625
2022/07/18,67.29,84.95,0.78,66.89,10.62,75.0625
2022/07/19,67.26,84.93,0.78,66.87,10.6,75.0625
2022/07/20,67.23,84.9,0.78,66.86,10.58,75.0625
2022/07/21,67.21,84.88,0.78,66.85,10.55,75.0625
2022/07/22,67.19,84.86,0.78,66.84,10.53,75.0625
2022/07/23,67.17,84.85,0.78,66.84,10.49,75.0625
2022/07/24,67.16,84.83,0.78,66.83,10.46,75.0625
2022/07/25,67.15,84.82,0.78,66.83,10.42,75.0625
2022/07/26,67.14,84.81,0.78,66.82,10.38,75.0625
2022/07/27,67.13,84.8,0.78,66.82,10.34,75.0625
2022/07/28,67.12,84.8,0.78,66.82,10.29,75.0625
2022/07/29,67.12,84.79,0.78,66.83,10.24,75.0625
2022/07/30,67.12,84.79,0.78,66.83,10.19,75.0625
2022/07/31,67.12,84.79,0.78,66.83,10.14,75.0625
2022/08/01,67.12,84.8,0.78,66.84,10.08,75.0625
2022/08/02,67.12,84.8,0.78,66.85,10.02,75.0625
2022/08/03,67.12,84.8,0.78,66.86,9.96,75.0625
2022/08/04,67.13,84.81,0.78,66.87,9.9,75.0625
2022/08/05,67.14,84.82,0.78,66.88,9.83,75.0625
2022/08/06,67.15,84.83,0.78,66.89,9.77,75.0625
2022/08/07,67.16,84.84,0.78,66.9,9.7,75.0625
2022/08/08,67.17,84.85,0.78,66.92,9.63,75.0625
2022/08/09,67.18,84.87,0.78,66.93,9.55,75.0625
2022/08/10,67.2,84.88,0.78,66.95,9.48,75.0625
2022/08/11,67.21,84.9,0.78,66.97,9.41,75.0625
2022/08/12,67.23,84.91,0.78,66.98,9.33,75.0625
2022/08/13,67.24,84.93,0.78,67.0,9.25,75.0625
2022/08/14,67.26,84.95,0.78,67.02,9.17,75.2133
2022/08/15,67.28,84.96,0.78,67.04,9.09,75.2133
2022/08/16,67.3,84.98,0.78,67.06,9.01,75.2133
2022/08/17,67.32,85.0,0.78,67.08,8.93,75.2133
2022/08/18,67.34,85.02,0.78,67.1,8.84,75.2133
2022/08/19,67.36,85.04,0.78,67.12,8.76,75.2133
2022/08/20,67.38,85.06,0.78,67.14,8.68,75.2133
2022/08/21,67.4,85.08,0.78,67.16,8.59,75.2133
2022/08/22,67.42,85.1,0.78,67.18,8.51,75.2133
2022/08/23,67.44,85.12,0.78,67.19,8.42,75.2133
2022/08/24,67.46,85.14,0.78,67.21,8.33,75.2133
2022/08/25,67.48,85.16,0.78,67.23,8.25,75.2133
2022/08/26,67.5,85.18,0.78,67.25,8.16,75.2133
2022/08/27,67.52,85.2,0.78,67.27,8.08,75.2133
2022/08/28,67.54,85.22,0.78,67.28,7.99,75.2133
2022/08/29,67.56,85.24,0.78,67.3,7.9,75.2133
2022/08/30,67.57,85.26,0.78,67.31,7.82,75.2133
2022/08/31,67.59,85.28,0.78,67.33,7.73,75.2133
2022/09/01,67.61,85.29,0.78,67.34,7.65,75.2133
2022/09/02,67.62,85.31,0.78,67.35,7.57,75.2133
2022/09/03,67.64,85.32,0.78,67.36,7.48,75.2133
2022/09/04,67.65,85.34,0.78,67.37,7.4,75.2133
2022/09/05,67.67,85.35,0.78,67.38,7.32,75.2133
2022/09/06,67.68,85.36,0.78,67.39,7.24,75.2133
2022/09/07,67.69,85.37,0.78,67.39,7.16,75.2133
2022/09/08,67.7,85.38,0.78,67.39,7.08,75.2133
2022/09/09,67.71,85.39,0.78,67.4,7.01,75.2133
2022/09/10,67.72,85.4,0.78,67.39,6.93,75.2133
2022/09/11,67.73,85.4,0.78,67.39,6.86,75.2133
2022/09/12,67.73,85.41,0.78,67.39,6.78,75.2133
2022/09/13,67.73,85.41,0.78,67.38,6.71,75.2133
2022/09/14,67.74,85.41,0.78,67.38,6.64,75.2133
2022/09/15,67.74,85.41,0.78,67.37,6.57,75.2133
2022/09/16,67.74,85.41,0.78,67.35,6.51,75.2133
2022/09/17,67.74,85.41,0.78,67.34,6.44,75.2133
2022/09/18,67.73,85.4,0.77,67.32,6.38,75.2133
2022/09/19,67.73,85.4,0.77,67.3,6.31,75.2133
2022/09/20,67.72,85.39,0.77,67.28,6.25,75.2133
2022/09/21,67.71,85.38,0.77,67.26,6.19,75.2133
2022/09/22,67.7,85.37,0.77,67.24,6.13,75.2133
2022/09/23,67.69,85.36,0.77,67.21,6.08,75.2133
2022/09/24,67.68,85.34,0.77,67.18,6.02,75.2133
2022/09/25,67.66,85.33,0.77,67.15,5.97,75.2133
2022/09/26,67.64,85.31,0.77,67.11,5.92,75.2133
2022/09/27,67.62,85.29,0.77,67.08,5.87,75.2133
2022/09/28,67.6,85.27,0.77,67.04,5.82,75.2133
2022/09/29,67.58,85.24,0.77,67.0,5.78,75.2133
2022/09/30,67.56,85.22,0.77,66.95,5.73,75.2133
2022/10/01,67.53,85.19,0.77,66.91,5.69,75.2133
2022/10/02,67.5,85.16,0.77,66.86,5.65,75.2133
2022/10/03,67.47,85.13,0.77,66.81,5.61,75.2133
2022/10/04,67.44,85.1,0.77,66.76,5.57,75.2133
2022/10/05,67.4,85.06,0.77,66.7,5.54,75.2133
2022/10/06,67.37,85.03,0.77,66.64,5.5,75.2133
2022/10/07,67.33,84.99,0.77,66.58,5.47,75.2133
2022/10/08,67.29,84.95,0.77,66.52,5.44,75.2133
2022/10/09,67.25,84.9,0.76,66.45,5.41,75.2133
2022/10/10,67.21,84.86,0.76,66.38,5.38,75.2133
2022/10/11,67.16,84.81,0.76,66.31,5.35,75.2133
2022/10/12,67.12,84.77,0.76,66.24,5.33,75.2133
2022/10/13,67.07,84.72,0.76,66.17,5.3,75.2133
2022/10/14,67.02,84.67,0.76,66.09,5.28,75.2133
2022/10/15,66.96,84.61,0.76,66.01,5.26,75.2133
2022/10/16,66.91,84.56,0.76,65.93,5.24,75.2133
2022/10/17,66.85,84.5,0.76,65.85,5.22,75.2133
2022/10/18,66.8,84.44,0.76,65.77,5.2,75.2133
2022/10/19,66.74,84.38,0.76,65.68,5.18,75.2133
2022/10/20,66.68,84.32,0.76,65.6,5.17,75.2133
2022/10/21,66.61,84.26,0.76,65.51,5.15,75.2133
2022/10/22,66.55,84.2,0.76,65.42,5.14,75.2133
2022/10/23,66.49,84.13,0.76,65.33,5.13,75.2133
2022/10/24,66.42,84.06,0.75,65.24,5.11,75.2133
2022/10/25,66.35,83.99,0.75,65.14,5.1,75.2133
2022/10/26,66.28,83.92,0.75,65.05,5.09,75.2133
2022/10/27,66.21,83.85,0.75,64.95,5.08,75.2133
2022/10/28,66.14,83.78,0.75,64.86,5.07,75.2133
2022/10/29,66.06,83.7,0.75,64.76,5.06,75.2133
2022/10/30,65.99,83.63,0.75,64.66,5.05,75.2133
2022/10/31,65.91,83.55,0.75,64.56,5.04,75.2133
2022/11/01,65.83,83.47,0.75,64.46,5.04,75.2133
2022/11/02,65.76,83.39,0.75,64.36,5.03,75.2133
2022/11/03,65.68,83.31,0.75,64.26,5.02,75.2133
2022/11/04,65.6,83.23,0.75,64.16,5.02,75.2133
2022/11/05,65.51,83.15,0.75,64.05,5.01,75.2133
2022/11/06,65.43,83.07,0.75,63.95,5.01,75.2133
2022/11/07,65.35,82.99,0.75,63.85,5.0,75.2133
2022/11/08,65.27,82.9,0.75,63.74,4.99,75.2133
2022/11/09,65.18,82.82,0.74,63.64,4.99,75.2133
2022/11/10,65.1,82.73,0.74,63.53,4.98,75.2133
2022/11/11,65.01,82.65,0.74,63.42,4.98,75.2133
2022/11/12,64.93,82.56,0.74,63.32,4.97,75.2133
2022/11/13,64.84,82.47,0.74,63.21,4.97,75.2133
2022/11/14,64.75,82.39,0.74,63.1,4.96,75.2133
2022/11/15,64.67,82.3,0.74,62.99,4.96,75.2133
2022/11/16,64.58,82.21,0.74,62.89,4.95,75.2133
2022/11/17,64.49,82.13,0.74,62.78,4.95,75.2133
2022/11/18,64.4,82.04,0.74,62.67,4.94,75.2133
2022/11/19,64.32,81.95,0.74,62.56,4.94,75.2133
2022/11/20,64.23,81.87,0.74,62.45,4.93,75.2133
2022/11/21,64.14,81.78,0.74,62.34,4.93,75.2133
2022/11/22,64.06,81.69,0.74,62.24,4.92,75.2133
2022/11/23,63.97,81.61,0.74,62.13,4.92,75.2133
2022/11/24,63.89,81.52,0.74,62.02,4.91,75.2133
2022/11/25,63.8,81.44,0.73,61.91,4.91,75.2133
2022/11/26,63.72,81.36,0.73,61.8,4.9,75.2133
2022/11/27,63.64,81.28,0.73,61.69,4.9,75.2133
2022/11/28,63.55,81.19,0.73,61.59,4.89,75.2133
2022/11/29,63.47,81.11,0.73,61.48,4.88,75.2133
2022/11/30,63.39,81.03,0.73,61.37,4.88,75.2133
2022/12/01,63.31,80.96,0.73,61.26,4.87,75.2133
2022/12/02,63.24,80.88,0.73,61.15,4.87,75.2133
2022/12/03,63.16,80.8,0.73,61.04,4.86,75.2133
2022/12/04,63.09,80.73,0.73,60.93,4.85,75.2133
2022/12/05,63.01,80.66,0.73,60.82,4.85,75.2133
2022/12/06,62.94,80.59,0.73,60.71,4.84,75.2133
2022/12/07,62.87,80.52,0.72,60.6,4.84,75.2133
2022/12/08,62.81,80.45,0.72,60.49,4.83,75.2133
2022/12/09,62.74,80.39,0.72,60.38,4.83,75.2133
2022/12/10,62.68,80.33,0.72,60.27,4.82,75.2133
2022/12/11,62.62,80.27,0.72,60.16,4.82,75.2133
2022/12/12,62.56,80.21,0.72,60.05,4.81,75.2133
2022/12/13,62.5,80.15,0.72,59.94,4.81,75.2133
2022/12/14,62.45,80.1,0.72,59.83,4.8,75.2133
2022/12/15,62.4,80.05,0.71,59.72,4.8,75.2133
2022/12/16,62.35,80.01,0.71,59.61,4.79,75.2133
2022/12/17,62.3,79.96,0.71,59.5,4.79,75.2133
2022/12/18,62.26,79.92,0.71,59.39,4.79,75.2133
2022/12/19,62.22,79.88,0.71,59.28,4.78,75.2133
2022/12/20,62.19,79.85,0.7,59.17,4.78,75.2133
2022/12/21,62.15,79.82,0.7,59.06,4.78,75.2133
2022/12/22,62.12,79.79,0.7,58.95,4.78,75.2133
2022/12/23,62.1,79.76,0.7,58.83,4.77,75.2133
2022/12/24,62.07,79.74,0.7,58.72,4.77,75.2133
2022/12/25,62.05,79.72,0.69,58.61,4.77,75.2133
2022/12/26,62.04,79.71,0.69,58.5,4.77,75.2133
2022/12/27,62.03,79.7,0.69,58.38,4.77,75.2133
2022/12/28,62.02,79.69,0.69,58.27,4.77,75.2133
2022/12/29,62.01,79.69,0.68,58.16,4.77,75.2133
2022/12/30,62.01,79.69,0.68,58.05,4.77,75.2133
2022/12/31,62.02,79.7,0.68,57.93,4.78,75.2133
